username,gender,age,mother_tongue
a0711806ded48eee98b7bfcc51005192f328428bd3872eda7ad9b2aea09008d6,male,30,italian
f04bb0e6361c05acba4d5185a2d372177bdb77898c1a213f5dfe5c1d60331ea1,female,30,italian
b395b3d82da20e930e20220a5ab4de9adb9a12aaa7cecf17fc09d3a95b3edcb6,male,26,italian
69a6f8fa8a7d2e7338bddab3f872ba3532c914f62ebfebe9e11b88be24209fee,female,26,italian
5b1d678a1b4936c172e8c239785f89a2693f7603890c413fffc9e8629243cd77,female,54,italian
1718aa7e2d0821e3ade5783b4e045ab5930ec22054a0fe5e80146dfce17fae3d,female,11,italian
c64f81213d168187d346b356bea56d60c6feb02e4914ce98f044bfcdb68a77d8,female,24,italian
8b570a0a4945d7f287736e47dd57040be331d8027cc434153b1eea199ca4b147,female,24,italian
00a0efc0faaeb5a288481a25b5d0b7d4c0b070120c6d61be6ef7b255fcdfd17f,male,29,italian
67e0082893e848c8706431c32dea6c3ca86c488ae24ee6b0661489cb8b3bb78a,male,49,italian
5d1ecf78469237d6bc4d93b41b7ff4a5156f0bc64e87ec513a9a6b15aa029a8e,female,40,italian
c8df127a16da631c4d37eb4607ca6f475ab1fb35ebfe570475f5a1bc1fa412af,female,28,italian
4b8e790e7ff6bf46058c9b644473c1e7a40282562f1a4f744d64d54364cf7467,female,23,italian
75cb8a9583b2012d728417126f5edd33170a8a76a8e929022976b842089a62bc,female,22,italian
1ce3fb2cb03a19b8fd1afdb0e0bd4aa977b8254805e1d4e15d52b6f94cfd21c7,female,29,italian
3b2b72bfc78299630646f8b5d8a3cbd21e523776c6162850041d047306c4cf91,female,21,italian
1e03ad2efe6a505d925b8727c0e0d6dfca16ee799b52b8a8ff2e0aae33814a3c,female,24,italian
e7eeaf19684a2816678959fb56771e0545dd64bf308a2646fbfdb55330942ad8,female,22,italian
0e2c3ce6fe7c8d0d546a52c7b9465e0210668e253cfa10c2afd464ee9dfa4ca6,female,32,italian
c982a06e6f1b95e790928fa7f12338b103c93dbe4acd5220684ed33f8aa7fc31,female,30,italian
0759af130236ec1bb1aa9d5e136f4b85b261c669dfdc5a0b28dd95f1702f69a3,female,22,italian
21f1df4cca171176e1e7f1e5744cebac5eff81ee761b6e695d2a2b37b0f8d49d,female,25,italian
727284ead21e0dbff04c54155b4ba5d42c29b7ac0de48be2f0921b28ed878959,female,27,italian
ba04a562689bc49be4577280adecb5c3ceadd6a8cae576f1ca5635870df67f2f,female,20,italian
29a411bb355484030ada127614f9ea80e7ed4cf354df45bd86abbfa4fecf8626,female,28,italian
3ea09ea5151da1af357cb4d9178586049e7edc2a26c17239b238571ea47b0d31,male,34,italian
ebec404b6897056f95c343d7e7d2a12e081adc36413163a03ce3248e9d312c97,male,25,italian
5e05cb515b5e6aee84325a8ceeb28a92c2d8d01c6b0f4bb0e743bd04ece7557e,male,27,italian
5b97872349346612a02b49434e8aca7d3e0a12ddcf2d2cb03372c21fa293c7f2,female,29,italian
59f1fa400ab561ec69acf2f6713bcf3db682b68ad51a6fcc29c77d8602605cac,female,31,italian
d7657a546e709badcdb59a32b22e1c0957f5705af426f3b29a3a1f401cd72cb2,male,24,italian
af1e629dd236e42d4cf68b704b4c97a9cdb5fb04d114576fc033f9ae10059530,female,57,italian
70d997fc679b107de48933fa56b886765673c474c429c18c12cc50a7ade29859,female,24,italian
1a80340db43591273fc96926ba749d07506e1814a2b29fd861a2e44a35b30365,female,64,italian
b1278071cfc1875a37ed518f6cfee10053b5abd582fca6536a9db97ba3e564d8,male,26,italian
f76bf1dbf0daba6d2180e9f3185e5cc94185b6f50652d7769b72c8a07272311d,other,19,italian
fe5a73de495ae5b09dcc4b895077ddc389ca689a95096dfcfe5814e7256fe794,female,24,italian
da624dbc79c80bcc8ecea093d438d39277aa158123681cf90a23c4916f19c541,female,23,italian
9ff18ebe7449349f358e3af0b57cf7a032c1c6b2272cb2656ff85eb112232f16,female,24,italian
cf4295b1eae38d6566736b26e38a80244ae7e13b366f0e799c6e8df80eb2b485,female,56,italian
c218c81e12a73367c64ba1b8099e9952a9fe0c8dff1ff07b891d159e134ef122,female,13,italian
3683b1e013a3c1a5880669f6cd4edc0be6a2673efb9ca10aa859155d4740af94,female,21,italian
eeae66b984b3eb27e015887f9a0f36372261780bbcafcb74c86a86b87e8a79cc,female,20,italian
44a0efbe2d2a7db35ee1f5f4ae7a130e93685b5a7012527aa5b953785bf44faa,male,21,italian
826f0a8e6c59ef03f84a1e944aa47495c69725b02236265872c601c58ff06b57,female,22,italian
9b059f912cb56871704877e178f0e926f1ad7d4c27053f11525c2ba8b9a6a5d1,female,18,italian
c2f8553b353500f73dde7620743245816a014e0bff13a9402274be43c1241925,female,18,italian
000868ef8e47f6cec5e7b576f18b61e35607ea96359da8260b0960a5e400ca79,female,20,italian
0ee033b5f7f9fc3a7e571c03892bcc3e3dc4a3bde64e6e439cef20bf22cdb54f,female,27,italian
adf13ad81e156ac784ba884d2aa471f8f3879a003c0afbc60ff7b7a8ee8e0d43,female,48,italian
7b4cedce770929005dc734c89a0ae95011c3f12357bdf025a8637a4f92023b14,female,43,italian
7e51a0398426ac3573993d0527f1da45c48c5b6589ab5482c3da983598f0329a,female,24,italian
1468344ca92716a53bdad6a2b3ff93b9b95645e75785d0f4641d495a818d75c1,male,24,italian
d18ade5e57be73e899df0c99dbd4c0c7cb4b583425e50f7ec6e4015f63954bc4,male,25,italian
296a4b6c77ffd2de9067e35474524944417b7c4c280a09efd1bbf3fe7c81c1aa,female,23,italian
0b691c4ffad07f1b98e5e4143643934557180630fd96d8d66f7ce6e6ba1a7320,female,25,italian
3e385e9d075ac064233b4a076e4254effeb69afc80e38169b7c1f5e27647eddf,female,25,italian
a56154f7f8fa794c792022712d09547660dee2e0c2560a8f703a522dadb987a1,female,28,italian
e55c07a5484fb68c1f872cb4f1998cbe35007306ff8200d3fd1b4e746678a9d6,female,28,italian
5d71d71e4f3b40075035b0c459fe9638bdd1dfc35654f05eba18cec31c1ad4d8,male,28,italian
698cd7528570ea0c92741af736b6595e6704ef4eb26f787fc817287fb3e291d0,male,27,italian
a23d4f2947be60a562ca73057313210f7d95b4511e3c93eae71d7e5ad5d150f1,male,22,italian
970567d8b522b85aeef339cd6cac3cf56dbbba978ff61dcc6ef16aad448cfbea,male,47,italian
6e2993087b19fb8b0997acde5be11996518f16a59c83a07479b56473d9c427af,female,22,italian
d4bbc5043503b9aed309ede00854ee48937684b57a1cc030ee5f42986fbfed7c,female,25,italian
dd2d1f0c559c0c2a7d4726787b64755b048c74f6527121f00f26d9fa57317277,female,24,italian
b33a55596a12d5dfee0f9f0da2e6b99d337b786aee6bca4f04aa8386ed6f9845,female,30,italian
65e82fb525a08de54935534a2da2ff0c464eec8a0d4d8d5abc1e5fcf6ea37408,female,25,italian
b4c4693bc48face3d55471e0b28fa38f885565f685d5f3eee8c811045aa94951,male,22,italian
c09213cf20b32fe2436b92ded92caeed5d938b454c0cd94fea66658823c812b3,female,33,italian
769e2b391e37012911810a9d11b2b88712906417d102655d9e10dec11809bc98,female,25,italian
4e450f4b0e623423be646d1533ff5b9500d90268e08d954815d480e78a3c8ca1,female,24,italian
066053274a4b0ea45cb1413645fa25c66ee173c59f911640f35038b4ee6bb3ed,female,34,italian
241760e9894bffcf110694c37000bb2ad92c7bda466b372f2a1ee16e39eec0fb,female,34,italian
53022bf2efa2af43823b466b0a8b7a53809d87393dea4be5f9c15d7d2987c27b,female,25,italian
ee6aa9381e07c60412e8bca2932326f413828ccabca7b96380b4170f7e704605,female,30,italian
303b9a2a89bffc7b5f009c02af0e98b63c4ae87b6a6aee77b1bc5813a3b7583f,female,30,italian
e3f5dc02e9fd5a8c4e2d34b09af46157690173349d0878f826be93af736b992b,female,22,italian
b9d497142f18f9db94619e95e7990c7a14070caeed2a8dc87ac7aed26a955e60,female,28,italian
06d6f85c05ee5aff58c5b24976e5cf33092392989ebbe11236667c6d7afe5f80,female,25,italian
6128f2e20fb77ffbbdb3b101d339d35c2bc2355c9f8b42c7357d806e056e76eb,female,23,italian
a7cc8dd4cdcdeb9591ce197e2b4d0f6a1ddb125f9d14b3f8bdd1596a57584a85,female,29,italian
9ea3de86c7830ad1c06aeb141fbcb435345bba22656b57e33751295c09e46677,female,21,italian
7863bdcbc024a642e82a1a8bc43c59e1ee7818a4f500ead1b0896e6391e2a591,male,51,italian
12b74feef88433eff5ef0290374cd7c3fae8fedab6aaff94d765c10af575ff33,female,47,italian
68dbf73d03d3a5107edad3b05676eee240e68c280296e52b6986873c54cef3cb,female,48,italian
55579b557896d0ce1764c47fed644f9b35f58bad620674af23f356d80ed0c503,female,12,italian
70a02cb2b3a9972cdfe2146351ec7e469639c5addffe8aa83a9ac8f7ce1f8478,male,45,italian
596a6d1be168363114839221435032e71ebccca6a7764c62f102056faef06d0f,female,19,italian
cdead44b8c20a647fa36699a495a06a41337c4c0ac3ccd888eda568c946e1512,female,26,italian
80e7e4adaca93ce64f11ae310461776c69e4b476fa07f1891adf1b23bbdfc562,female,18,italian
ba2d0830e65eadb371708af3592703d68353b5566093002111df7c34f89c9ff0,female,49,italian
8c5cae1948feaaa972f368641dedda6eea6e08e853b649552dd7480dfaa402bd,female,28,italian
5dfd46e27a5e3e8e06fcb92817b0955f7fd28048f5003bfd4e5be8e67bf417db,female,63,italian
1cd62752ceb5d75ca20a834e891d7bb0b5a6e218724761f7fad1605af89f25ca,female,48,italian
cd8b199e87bcea323147bcb054d58a9a2bb7daedf6480e2703a4d2cf856fbc68,female,31,italian
b1259567b8a27cd0ee0ce4c79d0670c75bada9e86dcdeff374ffd922d41cbe7e,male,22,italian
20f94dc74a82c959f870429285221caac1dd59ca1d97c9a081a27c8fab453b59,female,44,italian
e52e1ceda3c73b493c102c8085db4343bae2f6f9fec59b841578b1c89bb0b206,female,22,italian
e6699f31fd87b0bfc5d07ee3f2378fde6c6fe2f2b82a11e56e16e73ebba757f2,female,45,italian
b02073cd1ad16c0fb38d61f9f59650d5dfb6588a882a3f7136f6ed87566dcf4e,female,28,italian
380778cf8947e1223315a5e2d4f6d0e51a559e2a37ef524aad9c72f9afe5630b,female,25,italian
aa3c24ad43dc9fae56242ef33c8d6ecd1086377b219e63d7b3f61220cc7e0604,female,24,italian
a5d5bb034709c835414fa7e5abbf76fb149a4158259f6e65af34213daa45a1ff,female,23,italian
758a0bc00d456f66a986be7e3ceefd7e3d14d474a56a3f3d29eb0e3c559f7932,female,31,italian
e9de098c7733b1b9a6c985aaf3555f7cd10877a0fae0f1ecaab71fefc05d0b3a,female,21,italian
01010a3dd6ca042e647d833b6000f40cdb6bd77bf850361bc5377979a6b2d3dd,female,26,italian
6c1b4800571dd702b66d5c362ffbd27a6e8c6b376c9490533ce2fa4e57ee45d5,female,23,italian
c1a16d00938197a5700113b0ef09df33291897329d57c81296b2e5e3aa891880,female,34,italian
5419a85deac30c80da371a9cdfc071293bd4459a3f9b71f11ec4366de33252dc,female,22,italian
19ae5f1abef9f3999cd3c797229939b9bc474b7ac61bbaaee83d85d91c2e769a,female,25,italian
3fe8695d02d4f23055b24f32e7cf3c3ccb3dac8dc87ee995b53560fc32a294da,female,25,italian
83a5e431f1f41733f1e7695b184ecbc78619719f8cc20688eac3f9dbacb2d0ad,female,35,italian
3d6e4b22d68f9f35ae63d53104e91d9699ee05a145e6024f57365cb71f450d7b,female,25,italian
b078ddf0835cf281d6231fe35a9a21ebbc2f31a8504e8f6dbcf9f59b4d046acf,female,47,italian
a1a5f083f0a09e5e29b27ae8f6dd2038f36e71d27cfe9154573a53cf20a667a3,female,23,italian
369dc7ddd22f8a89fe6b72637b6b32d65741280c1a6eef520c893572902c740e,male,22,italian
a80ad1e3e6482b8e093846ab433c2803d30835dc9118b2d4a4ab133c9ca3efef,female,20,italian
ff8255c28a06cb8237ef8f08328651cc84b55935dcd5315dc01c399bf6ca77eb,female,28,italian
36b3bf1c0317bfef09e7c39fdbe702f6eb7fc3f91503030d4281c526fd562350,male,20,italian
cd53a4da9c034654e55adfaaa1bbbc7aabea8548ccc47ae644a17c148564f6b2,female,30,italian
e24ae79becf81a4c1c0cdc31213d470f84ebd1c7e33642a6a408e08b1e5ce357,male,42,italian
157508b27c7f237d979b566e57fdcf1295d370ca37407f5eb0f2ae5c30835a2a,female,26,italian
b58aee5dc1194d65a7cf317a5b0158e2952960f347d8c6c0f8875653293284a9,male,27,italian
a2b3bb60a3f456a978ea3e1eed4633aedfcc48e36afd6d1796cf5ee25fcea173,female,30,italian
1f254faa04cffa0d0a8c75f8514f0087429c37cc3516f7abb69c6660db2e6407,female,30,italian
9a9cf09afbcfece06ff58c3d98b5695d6a3a5e283c0e9911efa60b4d02f1b314,male,28,italian
c9249e325d97a0839788b3c8f614f41e3ed11f7f6aec5a5a3a210a34c0a96745,female,46,italian
a6d4cca9be85b38b3bc13148ba7c15cd4da188a8ec3963df403d622d450b9d20,female,25,italian
6e3f7c2e268017418457dac2b66fdc932294cdb055610e5d3721834f58f2facc,female,34,italian
f7e5ae42625c2cc172d6c75bd5c419558c1f72004bb15a00ea72367a7b5cd85f,male,24,italian
fcf2549ca75984c33bb3f325e4ee768ddf77a34d9dfd92c6fa66626d80f42f55,female,28,italian
eee1ea32049cf8476e5b580f40049e07e07a3fc9ab055e34d9211e1238f3f576,male,25,italian
2a7dc24627f41689d402c62ea50fb183d9ab995b4dc120aa13b13a6b4fb1a3e3,female,26,italian
609d49477fae3aa6d0952eeb0148b3ec9dd69768bd091f9f881c5ecd52916422,female,30,italian
4954115d5424d7984df5dde107e76301ad62780dac462a33d2ecc12a8fc5c2ee,female,30,italian
f536fb10ec50ead5cb957530f32cc06a9e2d517b9a31bfe45a3c8e3117c8012c,male,22,italian
7be402d54a4edb2ff20ac8b5437e58a498b3d569cfb23469729f2b8851341aab,female,27,italian
b2bf7455e63d99ee9db25bd7d20fbc7f4af1687f68286bba3ab68c223204d21a,male,24,italian
0a46ce6dbca3fcfff334fa71af228cae5f052e210610c83314ff70e3d6391843,female,30,italian
611125d1a5a6d808ca9c1657d1422fd85fcc83e23f6b742e09d2558c4d921a52,female,24,italian
8cd4289dc47d0ea3a3deca73495829e5c4a9c96b1c461670418563548eaffe82,female,21,italian
32bd888d887e3ac6c010d66b0ec3eaba7370bbe8a0f30e1439ecc4c4bbe5e4d6,female,24,italian
a1b7fbc857470de482e46a2001c61ce6151621b2910272d933201318a6842404,female,31,italian
79e28d8896d53ba4c4ea13e2972a0887237d915490ce3bd17074a1f7c33b0221,female,29,italian
30772adc59ff8a97bb2d6947c90adb08617ca447792b468a91aed1bdf1de1e60,female,21,italian
779562b086bb57bfe27509a43b72b47612f9a64815e53a5a9f48140de037eb5d,female,23,italian
aca09acb69980638b709ae879bb35d25c5e0d7891b7e26b918dc650ddb073f72,female,33,italian
d47c6f591a677ba80bd2f4e884f3a7f15fd9b4aba36c68df161517f594f8e942,female,49,italian
1f085e5420ab1d3c548997dc8eaf1fd4b94479ba68afae3b58a6579b5880bc82,female,36,italian
a8dfce98f6aa0c4ef0845c644fd9173cdf9da7b40024105a0b7f7faa790fe4a9,female,44,italian
3fb22a5597fb91ee4f9abbf30ea69d318be150e0fcf3ca1db8ca334b520d2894,female,21,italian
fa945ef98af8330d47c61c03ae989423c889587862587ece1fbe2bede8c007f5,male,26,italian
7683478958e7af8a20162abe0c2525f3102d8173ef7aab8e6e28fe1b60340b3d,male,24,italian
4dd9bdaf0190a0202afa7b0a87fc2c87487a1607d8318eda2f05b70710a3a811,female,29,italian
b07319dc8668278d1467c5e00f4816561eb3cf60fd4e6bfb7a8cd8fb879e94fe,male,24,italian
49558e542e1556348408d7f1fe752213fe52fd552d36f1d48b0cb2bd98ecc458,male,26,italian
98062ea59f2b674e0e9663df2b4080fb9b0a57451576409316571d041f119cce,female,32,italian
ff1d25f750dcd0053c95aa615cafabb23e8dcf92e119155c1be68ac54a38f358,male,76,italian
2dcd7cd5193e3cf64ec3bedf3bcdf4b8e91acf472550053bf6c6436bb9871b08,male,25,italian
9299497bc321d5d9ece8f0e6f4932161650ff277c3446699bc45b73ce8595260,female,38,italian
58b67a68595dcb3ea620a5ecb43342294dbb6cfe83ab6c70a35618794eb1bca0,female,25,italian
7a49d0e37774f8a5296044c04481158b1264d9f7b9a2029223f5c4b139418860,female,44,italian
9aca2c9c04c31cdd468723d471a5a345092438fa677c17b3b4cb2d7ad44100fc,female,19,italian
7fcb31b4a9d1fe5c3a17af84349caf7aa723d27b58d0f5a7bb240c0a10cd795c,male,58,italian
15f0006267b18f36a57cc5566fb4c9f643dd984a50a1d13591ed342a2f835410,male,52,italian
3a8cc69e672b16962c483906172fa4e58b30559752357a54068152a54b61f34e,female,16,italian
ecd91d8b505d4bab56a96201ff3e58d9e18ce84d5b7f4231f98c9cb24bb900a9,female,43,italian
dc17afe58794d935f4d3081faa8881a49c5c0667342e26fd0a2e72b7e18413ef,female,23,italian
70b8f5634ab4a0a3b15fc56eb666970cc510a1991d0acec150ed6a54919c440c,female,23,italian
e4eb84edee9c9d06e3f9019cea3f2dd625df6558170270dbd7a1792452433557,female,22,italian
0e7e0ceea9f98c335a019c87bbf05fa9a42ab9eebed57ea4457fd5d0b06c57cb,female,25,italian
41509508705bc1b71f2ed1f7d742b02582f2e15dbdefd9aa691dc79837249320,female,24,italian
4a093bc02b53e35cbdaa747a153b8a88fdfcce1182c358b9bb5a8b9161e8cfbf,female,30,italian
e91d63cb57c1cc7d47ebc768d73618f9f5e4362094ac04fe3f141f85d6140644,female,29,italian
db8d4ed80634262f725145338e7e643a05156535fc6ef8527d7368ccc8526ae0,female,20,italian
9c87358623a6aa7409334d7bc151683d3e35394f305f9ba0f4e633962cfda436,male,26,italian
e27b2c5273f9585f43b78644c8f1572e53d764260e13763477ee4d1d47ad6f94,female,20,italian
2116b7b5ba182d8fbc46f79f93be85190a70051c85d8f0650b8ddfdf9ef0dec5,female,25,italian
08d6ce000b479ca93a14be09e27949324b61f6d98b8b6365fd2c752b294c4940,female,20,italian
84b41c1a895fca2d2402c6e89888d3ad2eb3f388fc759da0e207845bfa2cec99,female,25,italian
c6e640a20354ae8325e2f430d44aef255103431c2fecf5aa6090de51ad481a4b,female,27,italian
43f9bed912cb100f747145d7b8e67b6ec9d8a870724e5de20fa83ac8f2e4b79c,female,37,italian
48110ea1aa5b4d0bda23110f494ddec80e4cb96b5b73747e7f30224a03c97978,female,21,italian
b75f08f0b3da0a05aa1771c6fc919ee5e894ab50dcd54dad60d4cb0f506f9335,male,27,italian
87318859fee5c552bed2e8e7854ae29899e7bbae43c8a4dc1d5bc9589a835f53,female,25,italian
7f50cbd33292cd99713f5e9abc6568f5d48653737486787ce50e9c9f3cf1325e,female,26,italian
bf4fccd616251b678c56b9cb7a46819b1266853c180637642f5bc7d6b01f5554,female,24,italian
1f0ca711df81520887afe0dca099652a249e7eda60348be7327d432b02298652,other,22,italian
b9040bd9d32fb3c4cd40d10d3459346dd1347c3077f3fb3059dbfc2d2d39b044,female,51,italian
ce7418defd1d3cee6fe7e6ab70f0bc1dba9d281bbb8abb6d68905877daec9f70,male,26,italian
21c54b5fd1746999f6fd22f68856ddcaad3ee092a4e79b8943309285e0421739,female,21,italian
a67c15fc95e0cf1fe2c20da7b35721626162508a7f180cd025b09be79229c782,female,40,italian
d517c7deca67aedec5841f1a0083898ca6083a5fde6054b4ed2de1cb618cd8f5,female,51,italian
64c64ef0ed5944d35a52ee2074dcf2fc5fba9919d7165471bf0b20cf1ebf25aa,female,31,italian
7af9533410c6a2a9a6d696f1657cda28cedd3d12ac2eb3f352d6b5eb6f30007f,female,35,italian
b3d22ac64c3e566e26166c95cd12b1ccd9ff8488b3418cd08b7f7b55064ac506,female,28,italian
33fae0227059f08853c11257fe73f4976d4527614588b9b30289c213fea025c9,female,23,italian
887d781ab388a90d6dbddda1447d92f5832f68d6dcd3f2c83c4a905de7632c39,female,31,italian
f8500f6cdfe97e752563d3f3f53db1bfa4eb1cd882ea72db753be830333ba79d,male,44,italian
cebfacd7a17cd5538597bf834984ef312da42f8d97f20551b82f97980259ecdc,female,24,italian
ff169b904af82953988d069875f82df46ae385e13949de9f8dba7503a76a3eca,female,44,italian
fb8868acd9cbbd68964baa1cfa6b893a6269e01569183474e6c1c4242a0071a9,other,22,italian
5aa05ce0d1679b5c4e56f9de0ef23f9db562b3d4960d814aa4773c6f58d813d2,female,54,italian
11bbad168daee9a2eef86fa4ef93315f9f11468c1c180950b2c6e4e7953f7858,male,24,italian
eff58ca02e65b197cf6585e9232cd6166070a565e24156895ee08ba698cb6d25,female,35,italian
3dfe2aa10ad1ee1e48ccd000d87c2bc4d02024a7b34694338c57f50370067619,female,56,italian
ed7ac1150c479d85410ebf1cfc0ab74cd12be666959c5865c77e3ea980329702,female,25,italian
224ea01e4a299102cf8da1698a931bad291415dcefea7493576c17cf1fa960b9,female,34,italian
4bd5f8805a86e6b048f93036652da579a668c356f7207ee3174185521c81d206,female,25,italian
5e9cbd6f24d98e7227c76b60ce3df9ee601f245d1681cac3c95c725b7ea9fc20,male,28,italian
8060eb6a556473364270172b4839d7a2cb57ad391ef7e6998d595b843b6dfadf,male,30,italian
f7033a27fc518b81273adf0afd8c13eb6496c6b82fca3f071305b5caf66f5509,female,25,italian
36e11c5c0e61076f11725271fd3651c88fc764b126229093e7eda75d29986fb8,female,37,italian
1f168089cb4533092f2597b84f0bcd3661aa8dec246e63c7ea96f05a5d1bd32e,male,22,italian
e129a283b41275d09d3440c7c298aa3a63c971eaef5e03ee11792f3c3aff0f9a,male,27,italian
f9952fcfb1b07888dc74f9c428edc1467fd925fcecdbc75294a1a997ba101786,female,46,italian
16ec40a386c7bd4bb9e53815ab8a7501935daef4819ae9f6084b4ed4f3643727,female,28,italian
e3b760126ec4a9cfb8361e09df88c41fcc7fb9986fd95b981ecce7aab838ac18,female,33,italian
76415bf7da0822719d627c6498ba4d41a8ca5e0cbe3aff689bf705fba64e661e,female,21,italian
b869204cfe98a2ff16b74263ed188029123cd2ad6f13855f936cbb1d8a7a9f1d,female,20,italian
53b1fb446230b347c3f6406cca4b1ddbac60905ba4ab1977179f44b8fb134447,female,35,italian
c8464acf3e5844d27d800a3111570291b3c04ec546b270be52e23e0fc22479a7,female,28,italian
7062f3b64753f86b6c0507d84eac54254d85d2a38653c896024c9a3bb12e2579,female,48,italian
db776675d0a5fed6a12c3aeb25bf9e4ff655bb622f133cb016978405125e6b17,male,26,italian
e4c2eed8a6df0147265631e9ff25b70fd0e4b3a246896695b089584bf3ce8b90,female,20,italian
17b7e72d51f2291a7f9fb4b10ca3c90b6284587c0b15fe4c6cfaf1eef32dc851,female,32,italian
7e4605de665544a4d945f2d8aec09c90b1403122e6770706440b2ae9957111a5,female,23,italian
3bc51062973c458d5a6f2d8d64a023246354ad7e064b1e4e009ec8a0699a3043,female,19,italian
c79a2e0ae5a95d97327e57f719e471db39d66e2cdb1233ae16b6ba8d0535f2b6,male,23,italian
333e0a1e27815d0ceee55c473fe3dc93d56c63e3bee2b3b4aee8eed6d70191a3,female,27,italian
397a1518541a9a0195e294d798aad0e106bb7cca894ba880c8da3d9d8542b624,male,27,italian
2a62eef7dbf5f622b6cb0c958dac2e12b0f4d85ae0bc95f759936d1d12557b34,female,44,italian
042706fdb4810915615e3ea2e71dcc50066d318db85aab0f0c97684987af83e5,female,20,italian
a4043767adf02efb8f0183ba327f74355944e14b77d7477f84ee0053054c552b,female,26,italian
7d18f6854b6e82da6764dbb37a9bd849129843aef59f6313caca0dc42006f780,male,25,italian
dacb3e1bd786c2b6b295d6eb15b027e5da6cfadd30e32bb6ca884b34d31c7e37,male,29,italian
672aa003616a8a38af9e5d177abfe26dd036b90778858ae72a8bb1148bf77d8a,female,58,italian
a69d782f0bf3c69265149d4a75d405d178eb9ba4af390597f2d323f294e59f7e,female,29,italian
33787832c68081cba2f9991f5c74e9277cc3e29086555e627eda9be938137f9c,female,27,italian
6ef077621c61b092619f41ae11d405d5e1c9b3f1f36fa8f749e877ecce1b3046,male,42,italian
92192986bf593ccd884aee3b211f4a34fc949e8b566787c4910da8ee162cd330,female,23,italian
a344ed5a5aaac070e01b377fad929617ca8fc057d3ede8c189d75a970ab5d05f,female,24,italian
e4ace1dfe147e67d82295838786749431bd7c608b13932a87847ddebf6e1ea9d,female,34,italian
50846e3be5dc743b2798002999f11d7eecc0561c0790704780ab876932efadd6,female,27,italian
0cbb25eb2f688647e57e2b5a59e0e4bd4afd5005b696fd6f59ac4b98cbb77dcc,female,43,italian
aebac53c46bbeff10fdd26ca0e2196a9bfc1d19bf88eb1efd65a36151c581051,female,57,italian
63704e5863b0e3771b881338cb7d0f5cd889a0f7d4acd08178b80664b198cd89,female,12,italian
ba0de1d5c362f10a5595f4a655245f8671bb932c04fb27aab831dc64f095e235,female,12,italian
edf8681d2e17f245d4597fd49366b09a1f266bba012969137871fce1727a74df,male,23,italian
3ac5fd904e8345dcd4b3de41394f03434c68e031b51afbbd29786dc053940cb4,female,12,italian
acdd987f9c1700b25898d3bd30c201df5ad4f34b3ca5ebeb7a8f02d240eeb864,female,25,italian
37ba93c8d818fb8cd2176f5d1f24c01fa95ec056f0b33955de06c864bdf39a26,male,38,italian
e420eb81d1179e1d06fa9d50691b06a53b8ed79035f4d6c1d3028e9fc4e04487,female,42,italian
9338d8b8706501350cb54e1b65b7dd000237437355005b7a3aeb5846529f5b9b,male,24,italian
51dc35b1b8aa6a1a57d8897115b169b0f4723cb401f6ff6a72f8227373588fa6,male,25,italian
2ae7c0d84c0c67bca492ed7a707caec03d2fec5e6af4eca5dad5318d1cb942db,female,29,italian
08e5dfc7256e09509f5ad47cd0624d11761ad2ba206abb7af053e79acb6ca44b,female,40,italian
3ac0c5ffb047a0813a43bf9945cddd691fa8f3c93e1e4710005f43c97c865d7a,male,21,italian
bf3e6818e7832a40ab32007cbd1ac926a8863c4135330ea50f2b47a0141f1c9c,female,34,italian
873489aec7dfba308c10538096b2fcebbd4ab41998485571108c1b9114eaafa7,female,24,italian
297dbf27a05b103c6404bfd5938cec4da1067e0a1ed90e3af471f57044377d33,female,18,italian
14ba87c70d28e96bb27683f4e689f86d1a2147a5605a9046a58f311ea0bccd22,male,30,italian
b71d413455549a1824f63bf274dfd7c8c5dbda42425531fb0b44d1dab7e94ea0,male,67,italian
9feb7d0547ddc05a2b38f3a4a521e9737321c7cf0c873d5075db4fef5eba5b55,female,20,italian
35bc88095719a5f3106cac5b879311c9513442509c5166150b8429ac483caa27,female,27,italian
ae14077eda42b9ade4c8c8108b2b7ce9035481c64bd733cf352ecafc89a52a2b,male,48,italian
8fcb5034f065b51da708bbcca973dc3e9657df12552056ccce43f7bb374df770,female,20,italian
1df22de3e55c25e81913bb34cfc31efab81ad4c6bc0ac081f2cbd80e3d8133ff,female,20,italian
8df0f8135403ddc4aa69bf7aac89076ce928327dab3148396ccb320709470f41,male,49,italian
b069c4c181f02bf6e0d1b29de3b7e28a4529e315dbb223413e603a2fb5388201,male,19,italian
ed6ebb19f191482102da6540f73c34ae2dd9927f16d256945443cc900d5b9fd4,female,20,italian
e5ccbc4b3bbff6e460f68b97b8c65807edca01bf6d023cff15bcfe7176e3af63,female,54,italian
a0a5106be37f2233dad26f446fb0980ebc814cf1a95e1f1d8f33f193faa92649,female,33,italian
ea0bedb7c8b0f3cb364add8740dc5800838ff4aa0fe39458d1fbaab6afa00bd4,male,27,italian
df42dc1ec4a9e07c62179ed124a6f5049de07383eacfd53d622bd0a245c797c6,male,24,italian
aef6e8dbbef369f1a1e9d68a0055d74b2c15b32986514ffe9098dd46faa244e2,female,25,italian
e97aa2d5302af799fa82bab4058a389fafe4f854e7686319713c6b8710182b1b,female,31,italian
33314fd38ec151f707cf9c3d50baa33a05b60c69799fa717f1b31e4da2f5d06d,female,19,italian
8a59ade19c6fb89d70b2f672d9bad3fb160300086d9ec10e12148c0c17bb7326,male,44,italian
553e7cf02d99f2429ae2a8068234af47200be7969bba0e99ea52f5f886f905c8,female,29,italian
973bd98887cb17ea19744d46d10498927b8e0465464ec999c5e54385ced42c7c,female,24,italian
daf556f2e8ba0c46fd34e151dcde20d687a0f8107e8b356c0e188fefc559e6c7,female,21,italian
4c9b47a17c4e5b81ff0e1524071e961d2f030cb4449a177ef5a805767b018e43,female,22,italian
7542978315022d7800322b728b49f4c9e1496cae479e874d10e95fbb09fb7af1,female,23,italian
a74151de88cd02da0f32280179194499f21bc2347847cc55a26d4b25730bd6c1,female,27,italian
0c8775d66ca4a53b87882d1853e1d7595b3acf7b7ea83abcf235a283ccb668af,male,24,italian
2d2d6c440a984782728c9a1cd951a5e67ecd000daa1bd3c4b331b2a0c1bbb1a0,female,26,italian
3de1dde66754945ce4109dbfd001bdd1a3ae0f6c4eb63ae0c71e4d45affccfeb,male,27,italian
615834b398808cc49e585c0bb53fe0684fa7f25bcb908302b83768a0af83134a,female,39,italian
c00e0c749a873c95bed0824237f18950da1f67b41c3631c1b0c4c1d3cf05732f,female,22,italian
253387e8620ee1896c76809782406e139bce35860aaa0d61991965319ba0dc32,male,22,italian
35bf1c25d130dcaad501ee7d424c7c49d87ad9cdc55e64172afec1f3aba65344,female,52,italian
0a4992ea442b53e3dca861deac09a8d4987004a8483079b12861080ea4aa1b52,female,31,italian
2032b621da0810abbd4a43ff683b362acb28613873e0853353ad530c422ff47f,female,49,italian
0d8d2647a12b0d544989a6b03603b8b3c27e2c4e0be08671745366d1a8bc4d95,female,24,italian
b810ebcc7ab3b61e077269275935b71d5da0522c36d5ca17af831334dea56e5b,female,22,italian
cc4fcd0c5f13587141ac571d61a068becd727d8e29b10406705828af440e2257,female,22,italian
efffdf93ed76491f5635a4bf14fc24299d45a64d908d3f28e63f0d118f8b88d9,female,29,italian
a17d6fd220f3ca942fef1848aaf9d61c9aa7f454553d2bd2416714453a530a8b,female,31,italian
771c83325f9f381d917754160497b4957ee4840a0dddba5948076232a98d350e,female,29,italian
d243c5fcc85f46d92139688b5f604924ea80b32d9b3049000275badb7a7d67a6,female,26,italian
bc62847a43ea96722da9ec1f2a2e270511fc1b5371220a9534a5eac4d210d228,male,25,italian
1e5855af3223c902744a9a8f7330c0a2b6cfd28acf53ccc54c47d8416c5a321b,female,26,italian
2728a72645df647aacbb9838223c925498c971aabc49d9ca905c9a0d4f180fbd,female,22,italian
3f9b6ed1d2adc407ef668b8c89a89fe022f2233d94ce943294c6ed030d18f2ff,male,27,italian
07f763295ba2764d034d200456b42eb8bf498d341c586a4992d62b7bdb0418a0,male,25,italian
8af2fa1c3331a1354123146e5ef92f0ca499da94d5135246d119c922a02faba2,female,33,italian
d1d4c2a864232b592cd189a43bb92bb839ae8cf6bd5e0e90ca871f6495ec7ad0,male,27,italian
69ebf61749fd4161ca08d84e51d1e4a0add76fed76c6c96997cb762ceef4c04f,female,58,italian
b4189dd17472e71d49fa457e3d8ce9392f8960203c2592ec27f6863246a94497,female,36,italian
ff52b456027ce6b6692e375839d865ca9c1b2b73bbe096317f029e8872f36ab2,male,22,italian
fdcecbd60a8e8e252dd18844149f03acb99358f9f53594deb0e6257189bb20b9,male,26,italian
fd8e4adb22904f3896113d39d5b0d76afb84549176cc4914c91a01a723e358bc,female,26,italian
2de1a4c5edbd5ca4e2351830a540f802b79c37958ba33cdf038e4c260a5acbdd,female,31,italian
9a821aa060f7a916bbd7d378ae15cecc3800e46d092969e6a2f48e92306c597f,female,25,italian
7c878d2b0e66ca031b5ab080c5d72bf3e745b2b4516328cff6ecc7113c4d07b2,female,47,italian
b3c7c357c77848765caaded035be8800169fb4dc53996f78ed5b0b24403427f4,male,47,italian
f18a99b664fcb1399619b4d81cfaedfbb982d706850592717bb01d180f5e65d2,female,27,italian
0612d4767fce7c2577f2e1c310b8a73306cc42e394da3f42afa621be1183ffaa,female,33,italian
ea4b096611ef2686eebb0c34e812f3f6c94dd5ff2c8aef1524c76481495ad258,male,12,italian
8c5ffc40cc93db4ed88639bde4845c4fae5959c3ac2ea05c6359edf08ac379ce,female,33,italian
4f2077ca4775f0c42db5e191634a05bd3fc5fd27cdb899a7711cfad6d796d298,male,27,italian
d29f26819b40c917b1ec3f84be61df5d4c155e270d2180842726bf217dc837b5,male,32,italian
9893cca4a2339584a96e0086b924e4e8d264c9eaee0bf32315863aa78537bd95,female,27,italian
c5dcf331cc349d73271e851f493e380619eb12d71867f27694a36fea86167eb7,female,27,italian
f4d0c9178a221556efe45a4ea3d2bb77b470626409af7fcda37b7af43fd4d8cd,female,25,italian
947335053543c46c437d2f2b963fd008dce769e4ed0e6dab2227e79566fbe30a,female,27,italian
ef924a25a0a0a16ce746b399ac7fb8ce4ff3b537d90273cb4feb9c5ab7edcd47,male,27,italian
322ad29ca10bc60cfff594bdaf0047340c284fb1bcb15c37cf7256b221cebb30,female,27,italian
b9b49cbf60791aa43825f7cb70fce1cabb78f2a73daba8298108662b3cd3e922,female,27,italian
b383ef72f49b3aeb2da2c3989daafef86cc184282f0a19af80489c68c1a66883,male,26,italian
e84aef587fca9b7a81721586cba38b4497fdd4f0c4c9d0c6075a6c9476221ece,female,26,italian
3f71145b443f3e3329969e613fbdd50de014b5d02cf1f3b966b6e789c68c534c,male,26,italian
51ff031549a0a4f0e55770419348d08448619eee2ae96f51de3403a0a350931f,other,27,italian
fc26f715c03bb7843914dcc494ab38fcb92487275d91133c6b247822d38149f9,female,25,italian
514b4a07a485c78cebdd1d6740a437e5a2e1612336038389d6ef10ed555f99d4,female,26,italian
7c553e108c3caf49860447cfccedfc08b9b7bcd54a5b05bcd89a44462847c12a,male,27,italian
a7d5dc51019afba11cadd14cccdfe1f876558e6ebdf460468787782150d02ece,male,35,italian
b359f2d31884f3bc041ee89656dfd489235268d201390c6a349392bdef3da15a,female,23,italian
de0fdef2b5dea85416a04115cf8c9c1a868dc5ca712ae2c837397bfa910cfcbe,male,27,italian
54bca3ef56f9a9d9f3d69215b830aeb718107ef8d824aa65bff704cfd3230370,female,23,italian
54ff0a3135159b4165fab02842241e1c6187b93f68760f8944f1218ab7d8e6d0,male,31,italian
fa2825837d232ba14b2c0fec15e7f38e647146224255033127dba95de025daaf,male,26,italian
9f708824dac5365d965b24a88514c382f13fea6671063de5309a07f762bdc0a0,female,36,italian
c24493424d8e9873e57fecd89c4101601db623f05ea01d7fe8c61e9386b01c0b,female,26,italian
0518bb1812bd73aeb1a16e59f6205fca9f97ad2975fbe1a5ce10ef9389de091e,female,48,italian
fa0fda6a452674c96588e7393247fed1e585c6cb647ad1305da385feaef900e6,female,26,italian
e44cf7c6db58281132befb55a38053f8e7c4352e2af19b6acc4aaceac8caf35d,female,27,italian
43e129f9cb9f6cf9a6adcfef45d8868ed9c93c25c84bc6e7435c57c9ab53a8d6,male,27,italian
1ae2a40d6e3a1b8c6041da953f650dc017fea8c646648bba5624f458e4773236,female,26,italian
03f34507d21d41467491672837afd7a5bcfb46357a300202d48c6437f359d5c8,female,21,italian
fed370a920999e1f0e9ec1aa991e6d2be1b5c96f4268b9995329ee996de953f6,male,26,italian
70113f8cd1c830e7e298172ded0a32b93dec97c75266b7193bb78afa6a929cd0,male,27,italian
becb647f49f9cb454fce276e640cb20dc34fbf44eea2d36f9ec8e97e31ce7d9b,female,26,italian
1bbcb696c08f6f7a9e50ae937e79f11ba85e87009e5a0e21da1814dcda6ee00a,male,40,italian
664d5b2191e8727d5aa45df833e557f05cb60521bd1ad18500ddcf644656c4e2,male,30,italian
8dada22fc2d0194b7f614ebf3dc33b91b1b6e2e0876c7955ba0ac80dde18ea80,male,25,italian
8687e581ad2a82aa7884ec5890d07f94834b5e81ad7638ae46b3aae972a40b3e,female,53,italian
bc4f87780596d3f625263f05c10d517ed90a77fbead09ac6cc42ab0c9b3a30f8,male,30,italian
e14351c1c32474bd88bc1d741fe9d021d4ec50554e4703e9a7a438d941fc233a,female,25,italian
ee1516bec131b457dafb805adf097e1deb074c2822cb624041a48a6d09c3de51,female,28,italian
e6aed5fd6bea50f9741f6ec575b597ff4af8f90abd8a8c64314c4b53b4c525a4,female,58,italian
59f2340b0c011daa84ac9ca0fe1d8a0a372ec1f91e351b0b838090364ae745a7,male,28,italian
f84513b991e53a4f7e709e6dd5a0ce3d0f135d278ca05fe070012607e73020d8,female,24,italian
73a9ac955fd84cd13e8d3cd832befc7b75ffcea9b30b9ed23f45cc5c5ba156df,male,35,italian
93c0d7d2d38df5c5c173661400ba0d02239dcd369307d4b53979df218247df4e,male,21,italian
caf1a758c2e40f8ceb92d11061aa607ac5cf15f070591bdad3f28d3d4d5c0558,female,26,italian
068ce32e3f80d8e879142b417ba9f9ab2985ef1f102167758eb0450d047e099a,male,27,italian
c5901553395ac83eaed42a12f1732d6d12918f0f6078469a7a7fa0ba1b0ffb8c,male,33,italian
cf607ffa0b0444bf878f7f9aa33113f0af59f9ff925271f87a62ce6b3aefd7ec,female,25,italian
395acd169ca407da8ba4ce63046bbea547468235c2823b28d28a4d66f1bd7bb6,female,48,italian
6d5a442bd71be91f8716b7d0567788756bf5709ba5626691ec5394727cbd293a,female,29,italian
2a3417648de2abfec3997010017b65d5157dd0049cf9724087d0d241275e213e,male,10,italian
976dd836c8218d80deda1fa6934cd87a25819f518e6b57f878e8d13854b3cbf6,male,23,italian
a7be23ab6a8fd244ad8baddc724dc9797547e883c8d7581a011ab55eceb5948b,female,21,italian
3556cc81012660d467dd32a99d71ed778491a874ee16fd90bed4d6a54eeb5cec,female,29,italian
4627bdb3ed141168a5e8663c86bfae205566c5bd27779a19c8d83791df8c9474,female,28,italian
6a5861c096e1ea05379b712e79fd6554fd3a56c5c7c92be96eaab6610c640829,female,36,italian
0bf9acd7b844c6febaf385821a2dfe6844dd0f82bd2554c147f5dfcad93a38f4,female,24,italian
b1c375642dc3f7587c0705877eb5f57b69f7e4a8b288a435cc3d948df8767ebe,female,22,italian
545d09b2f61cbdff077414ce9a1d474c25f71174fdf8cfe6e5b7cab2bca828fb,female,36,italian
af496cdb16377985dc70da977d1f64fcac49f030e74467a933d1e02563a9434f,female,46,italian
de072771a0dfd13971c3d45168b91e36217409fd32b2bd98c7859bdc7542019e,female,25,italian
4ba75e07a1f6deaf81165ea26de1cae67ecfba36ac58eeb928b3ed0e574afa1a,female,24,italian
c7e6fd8f44a628b20a7e55c387105354f9592b834c86f4a05e746c6817c3d34d,female,28,italian
ff5f4ebe92f90644d6381b7f17ef06ec859f1ec200159f168ec54e39c546249d,female,37,italian
787b27fdac05eac5b500573f836c93189990cad7577243840d9e85c2860d52e4,male,23,italian
f47a4b071fbb8bde43bd39109d456d5d403a2338ea17c398583fcaf0cc9a2d31,female,25,italian
82639d688402cac2d437f6531921b9ef3fbef80baebf84d7afa156ac79cc2566,male,27,italian
21accbe28f06bd93fb6c51fd0f136cc755420a0eb212299cab724180db2078cd,female,30,italian
a5af4d285ec86e6a653a3a2fcdaf5b76a85815e09099098a07c7ed580b62ffb7,female,24,italian
4b060192b2a67de0a8f1d3f0c8c6daf548fae696e67d869ee7e8d0faa4e03e09,female,29,italian
05b1d7c701b0d083d1b24fe2d158d7575bff977c4058cdc2530876e9eb766783,male,25,italian
2f516f8f1b38570e968a56e383174f2fbcf10165e08c3babb439287b371f3806,male,43,italian
d67317ed3aab028556c70f5c3d41ccc48bb81883697dca8eded8c2af26e158fa,female,23,italian
bf0c15cbbb41589c4699dfe0c03e9c8cfe580ac218bacfb1a6cd53f972e0772b,male,47,italian
01e350f0fba0babeb83ac84a4f5f5e22aada0f78dfd1804fa3de1985568fb6e1,female,62,italian
375658ff9d13f02df8700e2970793f6daa809816db505222363a516b9a2f7b3d,female,31,italian
eb7ce98554430f22e4b4b80b19f4a2e6f520d37f6e8e41969a9fc1cdf6c79834,female,31,italian
db109cef7dea29ab1884febecc35c4398d5d7d10a76d54d6edcdd1c179b49f3f,female,35,italian
3098d65fb90699a18bd6365a1e2bc750c90e373de09fe22c334de62de8217a03,male,28,italian
f5c429e542a8b50b7b9012a5afbbb1eefc7450d33cb7f3a0ef61fefd9b25ffad,male,21,italian
c0fde790c8900bbbac6957c9ee52eacc1b5d77848c779e2113ee9ee45b7eaa09,female,44,italian
34ad99aafda0ef8fb36e50e9a8efde1275d48e1a4e8030c32c4bc3a4581b85e5,male,28,italian
20fddb3b19abaee1b8b9afff97e8071aee02c740dd44d273f7754735d75f7850,female,47,italian
212a66a165b836f866ff618fc2816518258a4000f61efac92b0384b20ec40982,female,66,italian
4034aa3f6f34df946b109b7c581760c389e02adb7f2377ea0a01314abff831d1,female,28,italian
ab42afc511a20523789229659baf0b0749e9c3e713417f4ca7952e80cf65a4ef,female,51,italian
cec354d6851efb05ddcef12faf00cca234ab9da8cce49a3fe20024d944e3fcac,male,65,italian
4c2c881938da192249389ef87573af9fec30484604a20fd18763681ce5379d16,female,52,italian
9ab2936866c8b8d6b4ce81652fcc0c3b1f4b612d7d42a434b8584c93e13f7cae,female,27,italian
bc97a896374e5cff2f703d4e06f4ffd721aecfee2a045d88e90854635313a69e,female,31,italian
c0cf4d70362d0ca81a4f77dc61d021b598d06f51c04a2e47f1059d53fc6d446c,female,28,italian
af4ae977ad22c8f2034bb7b4d6a7afcf60ccdae13a3c7e4380cf297cf072a8ae,female,27,italian
738774dd216d9619ca837f71dfe4fb4b9e1af37fcba438c05e520f46b12d009c,male,24,italian
78475111d2a356abc0f0443c5cf587ceb5c85defbcde9f6073dcb835e99253b0,male,23,italian
297876f1d6595a5eab4a7fda2690393b63c180751ea1863055b9ec452674808a,female,53,italian
e75aad2cd10884cdbc433cdb10176fa2cdc86309b083a71a5af42da54266f30f,female,40,italian
ca92cf0c07b5ba0e083ec3520f75d8f064651db6b04242187aaff4733640cbd0,female,28,italian
194e556413afe472785195def2e37f5d7b2e7647104a33b077be5e48e2ed84d0,female,23,italian
2b296928d083bdfab1cb54a878c52b7980cb78521d37baa628bb8015511a6a3c,female,53,italian
f3f34681a62113dadf1fd69d6178854ee89d7cca58e765bc9db95d7c2299ff44,female,36,italian
e0c7cc88b3935c276aacd88adc141459aaa5852269cb6b276d51a77eea7cfa40,male,28,italian
ab5648a4c6b1389adbb259179320b4e144636cb63763cbea33334758c75b9a64,female,26,italian
65261358077d4e60a6865987ad88e981a10d4befe81a1e123b6957fd140552c4,male,27,italian
5502f1a5a5ad6152521568917216a0d48a20ad7e60068821b6f1dbaca3931489,female,24,italian
e7d486b923ff5d70ab28d1f0383f613f4e2d4e02514966f3ff6cdc7446b2f3cd,male,28,italian
659dfe05a37f6ae639f658233bc7a05082f075c71da9ab3da5f6962008a6b13a,male,24,italian
d00a69d9eb1cb226148128660c1af68681cc2017acf0d81d26aefa41737c37e1,female,51,italian
cefc6e6b3978efbd225872c61ed6f7697690bc67f711330c39e40ee027e37d48,male,20,italian
53a990473b7723dca2025df3ec4cff9deca8a731c9d78c6918621e8f62e982cc,female,50,italian
a40ce9887bf70a7a6e3c2189b940347801345880b8d07c93c9a85ce3ab51be7c,male,33,italian
846490bfee09ed6a4729f272f89babfa12d4a01416c1236702f57cb4bed67e83,female,25,italian
9d3feff79d35684ee9a491256c08dc065be663f75e79ffae2f6d015b7fdedcd8,female,43,italian
56760e14dbd57ca7fad593a239fa8bea53cb6cc1bc6626a2ad8d82fb2df548da,female,32,italian
90a2e75a60f130e90f2eb42f6a720f59cc04ca7a23d4c1132958f860d28eac22,male,25,italian
1dab1d691c3cb60f475163ff79b4fa2f58bac807098245601f5134354d051335,female,57,italian
55fc0a5c4fd6c3fa7229693d5dae186842266785dedb80fd9b8a29b8fee8b364,male,65,italian
09fbc3eb6912cc4a7f0320e54afaef35a67cca524149dfa1654100681ae7b3f5,male,27,italian
19f8409d9fcdc9e4aed183f0d89a77c51804676f03a394c365bfcce35187ae00,female,39,italian
415eb3920eb4b3d4645eb42bae62fd32cdd3e731c2662cbb0d480c3792b43066,male,28,italian
922fba4ca90b9862f76ea24486972fd1f31bebe82074ba80056f73ef3bfaabff,male,59,italian
8d062a0010a51aaf0af404c7080cbae838fd506815da1c88e1849b3e240bfcf9,male,27,italian
b60866b64455233ad1e25a7dcb69500aa8cd6847521341fe1fd71c4b4e85630d,female,54,italian
509ce83c88888f7d75edabc19670ab07530413773ce7be5c2aee2a6b98638de7,male,27,italian
f1ba9a0eb74af5f6a6594b48be25355a350e3c79194c6b492ecc6c75f20da6ad,female,59,italian
bbd43fa2ddbe6c4bb0024d700343648c52404db4d436864359a2b4d523a0391e,male,27,italian
209b94b67824d185f2c7778ba418c36297bbeef53fef2f4e7d34492e8ea2a57e,male,38,italian
877d558457a54ee71d29cb1337a0f0b9969a00fef09805e788b559b487426fc3,female,24,italian
43571825de2a686dae6b8ad39506a680a255d4a3b5908e05f282c0dfafac9de6,female,28,italian
e01119628bdd3dda3e40cd671d3a9f472a633a4da2bac7a182c86ffe61bd79f3,female,30,italian
e61c967ecc0fae999d10c15d02651ffe305abe702e3a0387ba4d3fb5cddfb7c3,male,25,italian
9bb0fb159f305c385aee375931ef21c512302d2b7f6005d1d08a5fb62e6e7d70,female,12,italian
96674b8bbeaa9ddf6046b3622ed2afeea6bb37d40b32e8e1af59e4932dc95f29,male,27,italian
7ecbe3a7364008f61c2ea24113862470f69e0e3b057c36a15a359bc0b559dd64,female,30,italian
890ce843ef7debb34898be4a6674564185e03abc72c010d5afcc8e06cffc5e1a,female,28,italian
f8710902ce31a673185ffd93d3140f32bea4098fee10e39532557626b4d05efb,male,30,italian
c4350307b2259d39b0b9dca27607feff3dbcedfe177a3929761a6277b626f8ae,female,39,italian
23585f425ce3cda4d33c10e219bac230ea906839b4529eb8efd65e17d8968d65,female,27,italian
4e10a21b5a6efc88b63e3fd595901efa7ef1f63f3e9b41fcbd64a0ad31ef4337,male,55,italian
265516137db775baa365a0472582c3095cc72a3047a57d1c74a7aa1beac2ef2a,female,56,italian
b4821c502ef74731863784b38f670fb3ee5a2670ee3715c86814968bc76443cd,male,45,italian
a8fdca3df5af02253033261470661d5347db3cbee7e6e7b19a5faae9479f30ec,female,62,italian
4aa97df0f04f62f7f564695f551e2f7f0c38fa4a9ced680b5f5e2e403648fcca,female,27,italian
3eb3ab5dbd9e6f6db52228785b1becba91fe45a6847250a01534b49abe9f0a60,female,22,italian
a9fc50549520b1332879ef2c25df6b30b61a7e9711f38e2410c177170ca048d2,female,41,italian
b17b5ab210f11a502f88f06a521c1d248f169c03c39cc87d0dd99a308037e2de,male,30,italian
29db7ef173672320c9b378c83a062fb845a469c46bc6f6ab605893867d6b6fc3,female,25,italian
5fa1e0dac2fb8d7edee91210e200fcc89a9b92735b3a12fc5ecbc036f0082e9f,female,54,italian
d2a5da287e6ad3219943b56362ad9106e26b5f131841b4aab074b86913eab532,female,57,italian
57fcfbfdf5b38732705cb9dc0bb07d31b51bcbf06925ce3c6108d7c1c7b6fac8,male,42,italian
5d84b5289b47c151f32fc712620accb7a7718ddaca2b474aac363bbb490395ed,female,43,italian
f0b8649dbd8cc269a6a9f57166490602cb5e17344007e29c1591f6cdad29aa37,female,32,italian
e88a73dde815291df8a50ac0c2e963109566e425b6b1d25dd64cae0b054b5928,male,24,italian
9826b1ccf256d52255018dc0f525f81e07970f29d132a6f9bfd4a1ac1ab6664e,male,26,italian
7c24207396d6f2f5daac0aa6dfe096c98bdb2dfaaeb573ed57cf465764eba566,male,27,italian
e46f9194e57eeb9841e6d67201cbf4575c56d0475d3ca0ff59c1cde5ea87af55,male,30,italian
8b04d87b5d2ba065a2f4080716c107d70f5d66a3396073091886e76e615af617,female,33,italian
f843e88cfb1daade1934454df45ad1343f0ef7572c98813d615fb91c3c8b84e7,male,26,italian
2fad3c36f016d72a6e40f3a3da6f9304e057edc7f3c188ffd20e92e772cacfe4,female,49,italian
e50975c3040a3a5e6a27d755e8fded40bac9a72ed624b9e4900feaf705056f00,female,44,italian
9168b364a8f5456e8e2a5f2666ae4c0541fafe4bf87cdd15f4ad13b3459dd23a,female,27,italian
986219b90f2d2050ff9109e870ca007d43c5e5224dec5871663d331aa09b1d37,female,26,italian
9dcbf4269e429b359c41945917dbb266a29142b5dcf1b13a37301c0d5572e04c,female,28,italian
33668ac930628c83a3710acb3ce21de8c0fda5dc3a594b3cd619e23cb95fa756,female,31,italian
026c4643a1d88e86eb050ba36c1b9de370ec06a34d58152fba030b80c1f7f573,male,33,italian
16d806aae1dff6ee86834bffe370a4a3e5a968490366af7c0a52d70e6f27b8b0,female,33,italian
398ddeb0b49eae28c58e01f054962293031c144434ff3b5db055be37c62530f6,male,27,italian
d7b18b8251237d51eb7ef0475f49e7cd2fe9d0d7f5fac067749803db4eaad8d4,female,25,italian
51bc8ea3c97126ed8de18137f3318f66cdd00bd3a934a02d02a267ede332f42d,female,27,italian
8cfce41e67fc90e28a3359cf488c019931ef477825b52dcc1706eb484225f65a,male,18,italian
00cb13bcf2382ca6eea64f955fc100530bb625a8e646ca83a2c207fd1d460dcd,female,22,italian
09c12d01508bb6b857cf2f84199fb3134b58985806b40d6440a1acf453b2e106,male,29,italian
bd14e39c4497974ce46835c9ea4adb68e40d7fbb633cf7c0bf32b1e12bf82f52,male,14,italian
42c74792ca13be1ca2aa12aded6f5ae7b647776d9f70fc1d51364e4e632815b5,female,29,italian
fbd51d139f2f0269c3e479d6dc5c6b9edb94b1eec62a677c039d280d497b2835,male,28,italian
db14b511e33aa987324560fbaf56ef3860cb82b2393b2c3dcf13bc868a8ea7a0,male,34,italian
5b8476bb94a4a1a17df32b417ec035029f48e4487c9055203fb02353eccd46a1,female,36,italian
fdc94cca304ff508ca4791c1c56f307e4a9d2b5377e9cf1174a4182d7e664385,female,54,italian
cf16bbdd382a68900e83dc77d3179bfcef88f1f1247652738d7128b192a6faa9,female,24,italian
0c8afe1ed7a1dc97c06a452a803b7b914a975f3ea03c79e413de25ab03b9e134,male,26,italian
f9603ca53f64d557eed0d4ee0bf20ca5ea48277f5f845b0fc2846489a149f87e,female,28,italian
dae87ca745e9dcc3501789d0877435007bbb055c6478889b5d686434f0948632,female,59,italian
0ec8b058931916615ae00bce3d91a997ae440eb9d51ac35d26456a51695036d7,female,22,italian
423244d4096788d8ac59d775d669d809fe00a764bdaca261bcb03b9e2df9b792,female,38,italian
1a52929033a083edcac63f0772efac35e952c63c082a9d4b896220b63cbfc617,female,62,italian
fb7563e83d223b1a449d9e4a988b27c239bc1b8d03db70ca0c5392f8358de15d,male,68,italian
716b7dc635bda41749b66ff9a8ad8accf0d4341bc3c0775b9efb4e4b1dbcd9b4,female,33,italian
1336c8883a501b730fd83fab3c1799361b78f803702e3dbd4101223589120696,female,32,italian
2e6095f28e7e766459d5c211681dc462c51c4c8a148a21769340e08ae7649507,female,32,italian
d025f207376489fde96cf5f49b4733dd1eb16b188a60643ab438907f715aa585,male,32,italian
485f2dca27510351817a665841c1f0b13756cfa7fe64b32d60dca2a76b2005bb,female,20,italian
f78d765ec69ed2306cf544ae70b352f27ac00ced795ad5a4014e480d6f653395,female,27,italian
3111cf7b7ed6fc33e48bfa682fc101fcb6f6d842421d031cb7c79bdec5a1a86e,female,24,italian
53951a018a6b924a8a2ea025e17b25435d3dc3575d6e4fc350ea1ffe3ea1d821,male,33,italian
b8014e1aae80ff5af002e4431ce69542c05109bbfe9e3df148be75e271cd8b6a,female,56,italian
e795a545ae301821be3764b40b142d6a4102967749ceff436fec99210d4a6938,male,32,italian
9acf7adbcf2db264f6a9bd474a10777936cda93b350bc9898ca5ae5c430e2156,male,27,italian
b29fc32e7877cc751b76263ef909a8fcac44a69da9257cb160fc849988a28e1e,female,23,italian
b830cbf6e79aeeeec1fbf2ef3be741628ffc574c9b15f30634b8e8cc56bd17b9,female,23,italian
dbd842736bf7af547942f120cf8d4aeee4f4451471bab8a66c276b2c8e5b98aa,female,23,italian
60406eff7d08cf2fd05fc1270d5beedaf5e679c6d689b4367efbfab75a30010b,female,29,italian
ebd8a8e3f905f7feabb30dd7df098455d37a166b847f6630667240fac507ba45,female,37,italian
40677e573fd6852baa024a6e81f67e2a783a9dfcb6236d94a681f5b81f3c5eab,female,31,italian
c6731fe7c9f450930be3a26b2545fc2e91a878ec226c17a898f564c47a6cecfe,male,28,italian
710c3906ca8b54f86c9e020d989792d03b9a0d8904d7b57b3f57e74ab1746625,female,49,italian
d8ac68aec58c2f6cf933154a1778fb4fbe6becff6eea0f0e8de6d5171d09641e,female,27,italian
c6eb53bded531b474db8a4027c097761282e252c4ea4e377e6b6d5edd28b0089,female,30,italian
19d3007dbe2df29e8de5bb61b1b050e0b39526b0ec1798ea9865682e8d8eef35,female,33,italian
fd5491fa6aeef30884909704befb58b162b59545e548bd60c3c36e62480921c7,female,41,italian
d9fe69084da013cd6df27f134a21179ad0f68f1617b43bb4327be054ffd6ac1f,female,44,italian
01de3a316dafa26a6e15d40720bc94e0706da6e0831274ea04dc25bccf87de9b,female,27,italian
bdae6151d6c174a6a4be52d23bb67208c7192e488d383f1326abcd0f5ec21357,female,21,italian
e01e555174c6c94fd231123bc5306f627c784828ac68826da144ea95f7d3d2ac,male,26,italian
4d08697ada75dc79d8f4a9193efb19d01d3609928411d54155c413d0235ea462,female,34,italian
efbdd349c3b4698f77f94369f659add499297aaff2387724e7eef9b4de405559,female,42,italian
91ce7d8f81a8cf4a092be6c00065d4e26569fcd68f03857e7eca1295ade48223,male,44,italian
05c1b2a45f859025be67645dc0b490b2491ab20e37b578eeda6b1384b43b4153,female,21,italian
1fd9b3ed8af4177fb09ec3efa8be5366496647bfbc77df248fb5f652b4922c42,male,25,italian
09fb9ff32c5aa81bf3cd060e82f8bdfe6fa40b933c00a3b83094a4a6a9c1db24,female,21,italian
c628277db8371b0d20d5fdf2ecc22bd62153e05f4954e303a665b08a22f657d9,female,22,italian
530b6cb691a60c039adba429740bd2237964506b0a0e160ac8268b7d45c3f35c,female,27,italian
fb338e53da57ec89c638f24e8f87697a70d0c0d8e4cc3a56f754211d2c6f0444,female,29,italian
4e1b8f789259397e8785a081465f829f2646a196ddb2c2f422d8c0e54a3f0923,female,19,italian
6a8b37c635e8b0321219b4b696456ef6aad936ce730177ba443f8614e884d100,female,21,italian
6066ccac849dc501bf7a5f30a1cdd966d960e434a1841c2c7e0f05a0ef96b3f8,male,21,italian
1f5dd9b47774ae6fcc1f89e2dac43e8ad86bd9c0c9ea5ca7bcebd3af9918c00e,female,28,italian
fd3924930cd1b1e35ddfd7c34fe175652ebe22bead094f7532cb42772e3f81c4,female,22,italian
8dc84331e382b68041bd66b7115b44724081a96bdc6c2e9cda8c7421e254923f,male,29,italian
5286756dd90a8b0bc4515245f9f155fd99c73afe72183be8a39202939d273717,male,56,italian
6a1c7f03e620b6b72b3269bc3100ca8307bb14661730f96aaff173ec5fde673f,female,20,italian
13907a0cfe07f2b18d1fe6bd1fe30e809e4fb2965becfd88ec98e8ad285e3279,female,19,italian
f12c2c31c3d353aa849a8df40e3d057a8ff361efeb5ae08c0899914f277c0a67,female,21,italian
9908ace8072ec4f5502729217e8bc503deedbdf73c60096a22f1ade54e86ae4d,female,30,italian
c0d6e68460d24af1603f19ad2e31c3557815c9b92ffff5b2950ab908fbdfc6c4,female,20,italian
9b198cebe10400350300901eeede9ab67c9b72629191db4b0aed6ef47732d51f,female,37,italian
7722aba40e28d98f1440213fb4a13b66ff1c48b32ecd6c9b836221628f21e158,male,51,italian
b649a349552fbbfc7d3d0fea1fc6f71c0cb6d3e706f6f80baa48450b69f9817c,female,29,italian
e10f977f7200716656189dd33756b8266ccca5277aff8349b77cc138159f6f81,female,25,italian
809d987b0712cd2c80c655754822c7c04dbfd54930c95f82470e5b1ebb07d728,female,21,italian
4e0461b76a08a248fe7186f12c3554407c40ea4493e2b3093d9eafdbb1bbef42,male,25,italian
975e89e01416b71d03c8118f1754379fb7ab9cc91cf7ebdad9d4d5450cf8614b,male,22,italian
242e104dc9a66eb752ac98112d13edd8c9f79493a6c7dfa66cd06234d4444b69,male,22,italian
89556d616238e10efb92597c1c7974bfbfb10d97989716436679bd0a13e22e8a,male,11,italian
575f02af3c9482c683fd9ac89ce26dabfa27f1f27890847a2f320f0052e97d8f,female,27,italian
f9b1281faf6fead99840b2955bd98bc201ff6ef64679ed9b1638e3e8ddaf3e26,male,36,italian
29b3e92a938542baeca9a988641804667d74798daf3b05ecd970931fb2cf3c5e,female,18,italian
b70f2731cd88710e7f39ab64160c61e369db295972c234237a111c307a05dc19,female,18,italian
65d536bbedc7acb4067f6fca7f3c9e895c84402ed1b71fdc0cb10481a40e8556,male,44,italian
ec3210d4549919e5e195b71b8361aae495feef01fc1bebae7d49e691a9ddba84,female,58,italian
d2356fff332bc01b5f4240942b7aa8d08129a9c5fd13f1ce1718123d7571b73b,male,41,italian
37d2ebf8f95bac9ef8cc9289598304b9556630df262060c1da18fe38ebf6b9e0,female,51,italian
2aba5dd8596b2dc0a86cc0fd514986ef09f279ee4cda6416ffa2dc51f2ed047e,male,26,italian
ffceba26ef879ad0650c42becbe7f1a7ff301cc763a92611d71a56dfb386aca4,female,51,italian
949944931d0cd7d7374ea97074062ba1081cf59f81f00b06c11e63d5c757e8b3,female,51,italian
71b5af8a2c94152415fa72ed2db41e01708848478ea384404267a785c00179d4,female,39,italian
75dcfea9d1cb0f2505a39e87cab0972773b1bdd01b515887fe257f7f4336c184,female,10,italian
3ed96ce5e9a5b4fe334c809311bd15eefb83a94e2d8d8ce8bc5c0ef8fafa125b,female,53,italian
37fc5837dc0308ea78bfa740281849c2e3150af9a51607b70a2761400b2d892e,female,26,italian
e0a5102f130b353d300a24a1ad725389546b235dccbcf46f7c004e4c0a875bab,female,40,italian
9e18f9c9f910841b5d708749f600a3ea272a2438b5b54a561277c2bc35b95820,female,24,italian
6a73e18952610faddb9bfe17013e26198c29b75beeda3ec9ef4b1d1960bd8530,female,75,italian
a13fce7c85882429cc750cd19b5ed5ca6754d32d2e39ea849306d60086156a81,male,28,italian
5d243f6096bb88ae977f3119ac5aeee239a2caa4266095808bd0b16ca350aa17,female,35,italian
8e0c2c89852e802de022aa0220dbc78053cfa0a9d8abe20853ead33d43c9eaf7,male,19,italian
5ef0226e5fb8a640438cfe3129878da5b918a2febd76dfb05b307be82429dc91,male,24,italian
7ce215563f7b620fdd32c6618a95215100b4fbede0eb4fc0669b3d649fbd4dc5,female,20,italian
fd8b5b7354a61970d539390ae3b2666fde1ebf296eddca0e4e0619ec2f348e82,male,17,italian
450906f740094f677785651ef8774bf035714b7a1a54a5b9abc9fe03181140e4,male,39,italian
251c69ea1f46bdee4883baa1cef17dc048908a6e53eb59e61ccd08aa5aaa484f,female,29,italian
2ee38ab6370fe93156f4b8aba1d17e88fb8e5b1fa02264a8f699640601e671bb,female,11,italian
9f02ef83faeb7acb6d9c5337edb0ae4dbc4cc9795240b38b63974c429b2f3e8e,female,23,italian
c711f573e9fedde0810be9705cebcba920eb3e7200642789a408a1c6e95e6177,male,27,italian
58dcf618906a1daa1ad49f6b76bb2dbf0ef8b0933180c07d74d5e9272128c7c3,male,37,italian
bb647e29b34334079a9d553184f6cb58abd93182f8a4f7e95caf4bea0c2b2171,male,15,italian
6ae3909b9e60f445c5496fae48ebef28f052c28f2bc231353d0fc199de038c7b,female,27,italian
412b899fc42bd906403cfcd3ed51085c07310c1ee93e40ff21c7dff50a39fc01,male,15,italian
d6df8684dbbf20464601d67fe809a8a06912c1bb1c77d8778637b858eac5ceda,male,9,italian
ab56faecef2669c4c9751f01369fad75d2c03c53172d7df071273b1a74b8e823,male,24,italian
5d627539b9905f0775a597946b990ed745940e7b7a2e39bc28830e54edbc09b0,female,24,italian
6bd6fffd27624969fe5a7a489586fc0f474aceee4adf8e7448568618c7aca30c,female,29,italian
d8d3bdd5adc0009a98a549521ab477e4137abb1add7cde9f35c8bb4add5c36e5,female,23,italian
b8fecb6ddea3cf4052b68ca63a94005f8a39be840473b401203a1f54de4f3034,female,55,italian
2d3d1e4af9cb38ed5efdce8220a9f39f12e5a184409bec6236765e353db8d54e,female,18,italian
fd23d9f74a5ce37fac1f521e7fdca3b9294a70822f63be8b05f8807115ef0e54,female,48,italian
af256759d760cd88bcf9898ecb8d6f8dde12fb15876c0face24c41231a580f8d,female,44,italian
5ac85ac9b2458ad02aa8993dd13fecea9c2e206d713fdb0e031a8527faded121,female,29,italian
c86deda989d2c0993ff277eb0bc2819dbe7894756acae95c1d7a96639680b8e1,female,34,italian
662b5a2f711f8034f3015276cd4bd8ff70afb16c2923a548984d627d74b53bd4,female,22,italian
ed860454cf73649132fa02111777bd8d3f8fd750f5d1159546c6300ab27fd679,male,28,italian
c639356dcc00025c2720db4e630d09d8487b0e0795934cf334231df8f357f530,male,27,italian
128236bf43889109a7e39ce0e71287a0e74c9db8a3ca98180a40c26907943c97,female,20,italian
4463cfd103b1cac5e733b3535b5476d5eed744bae18157f963c976791bce5a2a,female,29,italian
03d80944e4edbea3b7b43631cb1122f181b2c8c4f7a81a87254409158666977c,female,33,italian
e83bd3a66a273193ec93b980a94aca2f51d7d6c689bc1b4ae9dc9094041bc1b3,male,24,italian
4f3e5e349f463a77957a51f0b34c8684081374e5a03fb44fb9f74c215b877a5a,female,28,italian
e421968c6835983c414b06886cd282cb20c373a3db059ab85675f025fe111ef4,male,18,italian
bf22560c73587ff81739ba5813725f6796337c2e1ac88b4382d13663cb08c511,female,18,italian
d40776fedcf3953d2d3f0fe9578b0fdfbddb2eee717e41e7bfd7fbe2eb7a6079,male,17,italian
0ae63c26cc5fe24bd7882b330f309f3a91b94d6da87afb61b7ffa0b7a6efa11d,female,17,italian
669017e1461557903e78eff1b6264313025627cf9fd2aa02236ddd221701523d,male,21,italian
381c81be584f13ebd88c4b8dc1c6edc800b97958f08af67f3a9affe52e9ef6c1,female,42,italian
074e21ecb88a79761eac7d075a88b167c2dac11622a4a5159684547fc95ae6a6,female,27,italian
0d5abbcfd7c28068cb8a4b0bd55bb1ac1384edc2708bf2842d7c3378f463de16,male,71,italian
e67dd0669b8bdb171709305de03d094558bf72071c69593695148636139f17dc,female,24,italian
fe9d679c7c9b995f2e68dae1261d951212cf92bde2ed7db234633f73dc447b30,male,24,italian
dac73f9fc772117a4bd001382f681b6d89f03668bbe6ce3e25cd138b465cacf3,female,34,italian
f10229d42cd937d8c02281c88a21569f2ddbda8841bd4476337ab719cf0255ba,female,25,italian
3521bae5f94ed683edf4dfd9209f968fb00a67d2a7ffc1f0f604df18bcf67bf4,male,18,italian
31aad638062c675d7917c6f501209f03536ee8d40afb61bb6acc1e7a8992f0e9,female,25,italian
e8f1a359c9260e45a0b98fe9d727cbc2470750f92191bc03f394c6507caffe9e,female,17,italian
e3ff268e233316f34e59047087ed2ab6f55f995275e9d9fd6d9688e58fc361ca,female,26,italian
17bfc59f073711eabb614f8a427e3926548804cba798c6b9be4b0e36d9ad104b,other,17,italian
7586bf4da0b4a25e8783ef108cf2270b4447888ba7aedb6050f0436b3c3d0153,female,22,italian
b5f8415671b2738c4ece4b92b2c10c5e4a983da6fd7df284eda744f3a8d41bda,male,18,italian
e65f37fdd48006520c4405f5dc7f5d7f3bd1f30a488fb0a3fa4868c977797143,female,20,italian
870fb166b8b659b9a975205a29a5ab6a264e78af46537ac7bccec9e00212f173,other,25,italian
0b6e7476a8c8b771b842c463440cdceaf2e0cb0d9019489ce1780d28082d3ac9,female,25,italian
c3d334b3577ce5b4ba7297e05892d73c32129baf2b35d58d40e9466e20a22621,female,26,italian
94aec9fbed989ece189a7e172c9cf41669050495152bc4c1dbf2a38d7fd85627,female,29,italian
9e818c36663ed2ff3ef74a3a8e96c1127a5bad36f4ccaaf1bae0823e51326eb5,female,71,italian
4a2ab2038d94e3051ac7e771f99f5f6c5ab63fe3f94be0d32b61e62352bd8db6,male,25,italian
258e3d5cd0d18c23cef135fa9330e1d7ab68863ac764fd179789b2853900b546,male,34,italian
0e858ac8241c97fa44ae4c7a49289f859aef6eb53facfc3f50133ed4d28201d1,male,40,italian
a702f313a157e1c71f3f7a6030b26dc4adf68d53aaf569c791931d8ecd2a3c5c,female,21,italian
20ef422a2413d774f66bd50f6edd23c98758d89a67bf3c49995ae29f51519fa1,female,22,italian
3e9b0683855276a64aa8c8c2de008c9e9a20a66e9a5538d150fa75f21219ef73,female,18,italian
53af9f581f1fe5a1a7d850669f354ac0dbeab9f4a4b3090cc68df9c7d30b22e3,female,48,italian
ac569504468a79d8d98fea1e1868f6825dfd16a33e8bf10ff9148fa9cc545883,male,17,italian
3d22060f34f9e025055f8e43a5ffaeeadc31c87583a5e08d8859f6622f101630,female,22,italian
e0190e29f051195b1560835724d45d4b0ed3d873a56323ce67308a781ba2661d,female,21,italian
be17d315978520bdbc4628efef30c6375363a7900532239f89511ccdf85a10cb,female,21,italian
c01005b5932208270216164dfed9cd52bd9141fee0127fe255c4cdcca8bde06b,female,21,italian
98a987bc6d2eeb8639f0b0eeeb90b0026a8acced2a19d5c55ae2f466ac16626f,female,22,italian
da69a545ccd6500d3d5ef76d48c097ac794b42b4570edd2eb00e539c0667ce10,female,25,italian
032bd54539dc739de8c4d77eda2bee1f933a6dd243e4447977b6b39b4d4f83bb,female,28,italian
da2da8e71c82b18aaec0e9dcf817ab09481a8b55061066f011b3e38188788f65,female,12,italian
d48c6c588f9a21165dd21fbccc19588d42016c92529029d66b4acb57075366d1,female,33,italian
2cddf00a9748dc34c02cbf31b0fc9ceff8f7319e595b83706ef6738aa164892a,female,38,italian
7d4216645fb41b58e590624750a2ebcc08ce3af8b117eabcb3dd3bf871bc3d6e,female,25,italian
6d2debd249a866cf0d19274260c7012b52725a404807dc8c5ef7e86d00ce8c03,female,64,italian
65dee7708ba413165fc2eaba3e991443d013f397b29e2c8acdced248c442e0ca,male,48,italian
9308c375d1bc0720cd94a462fa13f9108db5c5f7492993de52c928529882e2c3,male,33,italian
5c9ebdaf3ca35bffbdd82ce5091be9dc22b6038594e4d257fbf559156807c1f4,female,29,italian
d7c7abb4946bb0436e890825e93edf8490b06cfd74756c018e064a630f9a5e21,female,32,italian
0a31d72e7ccd061314aeceb4b7aa70b67c6efd85706ec69b55a367dc72e11976,female,40,italian
696b77cba45246acaee101e50574cfe0cf3a89c6df5071c9294b28a6cc52e471,female,47,italian
964713476e413b670f33774f4762627b54f0d6109cf8bbd240e17ce058208af7,female,28,italian
0392c3d1b4d3c9606d458446a2d67de5d8484aa821cb5d05b6105fa6ddb4f3e7,female,79,italian
4d5af0bd391c9c6ba774ce16504bdc4c33a9191cf0c694aab8f7d875b67a91ef,female,30,italian
db74c940d447e877d119df613edd2700c4a84cd1cf08beb7cbc319bcfaeab97a,female,32,italian
116db5e20da60ac08e8ee5405c6208431df58489ee8a1f567e06ef68f4f2c8c9,female,32,italian
4fe0b8d22bb7c411d85bf034f5bdfe107ddd53394d566f0be3ae346d71eb95a1,female,27,italian
c3cfa9f2461ae7b829559aa56792a40e83a144ce883f32a842517380bd0b34aa,female,27,italian
a57ac67051d2bd424b4823cb62ca3b1122f219da37b7f0ad7e9633eb1cae1138,male,16,italian
b3363e9790846a4976b84ad24bbdf469292b99ac7a8a88648c617b7b16da058c,female,56,italian
e046ce2e818ba26c54d7626098f92dd8bc540b8a60b4746f7f15da8800f0802c,male,27,italian
190a4b9a67e27bd8c2e0d695aa24b58b053e78606adbfa67fc852188f1240798,female,21,italian
50cf8dc747eaaa990ea22ebe6743087f6ecc120f17d5250b848816bfba1e6a73,male,18,italian
5905f540a9e76fd40a5c8c50fba9e45dd7cccda1a02c29f1b606a9ce761540c9,male,24,italian
589602091a791efd29915a7daea349fc0c9cf2c839f6fd4355afeaacbd395332,male,33,italian
842803bcc7535380b614f8de646c161c1c2a0ce443e978f117dcde270fceadb0,male,18,italian
457b3259ae7357e8815b60dd88b1292acd45a52697e15a696f56ffdac3363acc,male,21,italian
ace2008b98c1980f9df9a009b38a80652a0dee2ffab3406090cf77e788fe18af,female,22,italian
e78b53899c33739fedd1f42ef38b19479c19421f52f758f2d85ef2e7fa122dc9,male,59,italian
88ac09c0b815c8a7f36e2de808f035ca07b1844279b830216d3908a19a9bfab0,male,26,italian
64a7feedf8e66692723a4086eec8b8efcdccb3f6656e84e87bc43756bb39af3f,male,28,italian
42b6d8744e0d422de38a27e1bd998ba830e354359015fee499d43245a71916ad,female,39,italian
28043d2516f2d956b81ce66cc01fbd427ac54ff1eb3a07dae906e9be50a92024,female,25,italian
f00ecd22250706ac58a528eec23d6f60393306dcc7829d8219f21e0a98b11331,male,25,italian
1cded54f5a54c11f12400745654c949c847ea9a214aa0d1c662d3e95f5d38ebe,female,46,italian
c3142079dd199ac39d6142174526325b9db96c8e83e437bf07eb855951d1ae23,male,27,italian
1eda7c08467f73ea38883ee78ec2179177736b9fbf1bf8a21e891a79247ced5d,female,37,italian
72fd3f14c5a1f7258f837056d8ec7992464a557289fda307731d032771d1686d,female,62,italian
d1a53282aeeb511b8bce1a2a1afcc2fa731623d2ff875a65e000848fbdbc0792,female,27,italian
24204f3342b52f4258022f4da94af3604161c24628a5f0bd6a2a764b1983c7fe,male,19,italian
3a6d64c24cf80b69ccda37650406467e8266667b50cfd0b984beb3651b129ed7,female,19,italian
b55a322081b21719c984ab82f2b23543276ccbd84fa340f20317d7f26d757256,female,20,italian
543eefbeff91699a12a05687d120c7278d58ebe756520c904b31c8932a295ed8,female,22,italian
5f3d6952c5c5e22077fabf461de80f1ce475752fe75afcf5ca46bac438405619,male,20,italian
74c64d2f98d696e80c9e35a38b18174b9e8042ea6c08e9c75a17a5b42b3fdaa9,male,22,italian
1e39b852871e330bb1e6ef52fe29c161634f09f448d2de70d74e5154d75150a5,female,19,italian
d9dacb3ee168be4dbc39386975b6964d353c438d8f57a68914a3228b5385fe69,female,20,italian
54ad094f66b83918a5b05cc83ba34ce9f461eb192607630236062ff2a208e9bf,female,24,italian
5a7b16a69291855ebda012eacea23a0346926b9e8f40e98ca278996952c644d2,female,20,italian
b74f836916b6b3d61bed6cb0cc69d43dec124eeb444974dd688d8371a7c038cf,female,20,italian
f1121dd5f53d86185b29ba713ef23030f9b3f03f42408e9c6f9355bf66436e7e,female,20,italian
69fa01a6bee5dbcdd0f88a7cf677834a09d63787296a69cc8c02847c12085795,female,19,italian
69a0b23adec262939b60d61d07f6985f230e2d4a650df4349630e36d280f88bd,male,20,italian
9b500bf105e65ed202b0a1e61607236e0fc246d354ecb7585968c2bb4bdedbc3,female,19,italian
1f47bf7826da61027a4a0002fb2a262cfe19f231ede0775edb979ef03e4c4896,female,19,italian
b95ee4efc49878ebc6e8f93c29d7f692742dad7330574634428c8d6355794d88,female,19,italian
b6e1557a1ed3900d7be8e28bb5f137d91812f31e59a90ceddac0276bc532d18e,female,20,italian
931b52ce41fe2b4043d8bcbca293774f40dc20c1de470e49b3037bd2f4ed2152,female,20,italian
e62ace0bf458cae5f81990bdd4e15d9064215b6409272f6c3b2c4f25296eb524,female,19,italian
fdaa34e3b9aac138937bf3642684c6ea77fbe8b89fcf920171c9c8b83631027c,female,19,italian
76c7ad7fb13b17fdce806a5b3aff8985c99269756934999b3c9db11abdb11d8d,male,21,italian
9199131cc05b59ad79bb9f9f153d79265de4335a8a8ef1d0f4d001196fed89d7,female,20,italian
581ca1832af0d37d2343799df364f0caea0e9fea1cfd963cf76d5d01d1a65741,male,19,italian
61e3f1d428a27e3f019bc6dbebb7d4de0499a55687a3e8c6ceedbf64456aa70b,male,20,italian
ef3a516d65ac93647fceb91ad7b41f2577218be1dec3c26cbbd5ea0da477329b,female,19,italian
ac657c6d71aa9db3b18257a0f5537a4c49ec69c8b4fc29cc4eaf8f63788a0572,female,20,italian
94ac47fb3f1ab744b9b26f54c6e4027942dad5ef52e588da2caa3f080a581962,male,20,italian
71992f606e30cb759ca2bc96456209b4b781f5daca600fc5bc1a4073b37808b6,female,19,italian
0ecd1c6c4528ebeb6645726df08ffc7e245b83bbc0541d59052e6a84220366e3,female,19,italian
eb23b1363479f51a8c43a119a3b3af3d679e5b48a040d8224c2ae305acecb03f,female,19,italian
53cda2a101eae5c94f810827618e1fc99abbce8d4f48ddbe3c2b39bb530b0ef6,female,19,italian
f58e9a12011ec07e336a2baefc572486542fec8c8b7163daa6c6d0d0d61fa731,female,55,italian
499e8968ad4236c1d7a6b380bcd57279b51fa9305c053b5654af56c573ee8959,male,19,italian
2adb5bd42c85f97ffd8cc21264bc2467182e7e05324680ebb3a45fdb25124285,female,19,italian
fb17b3dd541f33e13b0709f54e03e75b0f4a640fddecd8bf07cbf55460d3dd04,female,21,italian
4839087d97f555cee57c4dfe67d262c406172bacb173b9b76a24de7a210eed3b,male,16,italian
bc539f7b896133c3ecc6aeafd0b631c8adc975b6bc62c256c51a289d6a94cf1a,female,25,italian
3a8927e93a0a145def797ce89c3ab0ab7073604b4398783a9678d9879804b4b1,female,48,italian
6f98ba2a24c633667cd5b7d03f9142ffaa8915e07d7ba950355fe7e1e97c8cad,male,22,italian
3d92ad1aaf34404f4255e86b5a5fbda83ba6f01c4abed75428f00b34a3a2bcb8,male,26,italian
ecc127d87574ba32ae21f97dfc155ae3079f03349c120bf657f749c6667a1a7e,male,23,italian
4ce3845ef278aba9fe7b8aa05afc42609b2039c8d3cec38ee31988e01b6706b0,male,27,italian
b455d54a1639e7c2359679497976ada75d49907122e1a310a0103b2ac6611f52,female,28,italian
e73b79a0b10f8cdb6ac7dbe4c0a5e25776e1148784b86cf98f7d6719d472af69,male,25,italian
f94300a19b159a7a6c479c0a7e8040cd2a879978490bd397681f3b55d8c154a0,female,41,italian
8f5dbc0580ef0e20148964afa2e0506eb37a7e8e080d997f1e0012295b551d79,female,25,italian
855306f6847960c28d6a8784be07d2018ebc865f61661c420402406dc61c2ebb,male,40,italian
c46f18dc0155ab326b2ed862091b68e5b7bb65a1ce1b4be8e5c364ca6445e297,male,29,italian
bf7b0ead279760f89777a5c87858171765a95d66f0265006b9e992a2154401e9,female,26,italian
90faa565f21422b948417c0e69766d0df3331b1b347f8871ab9551f76f27854d,female,33,italian
8221fa0fce218ef5470e8a2ef2d7af7380ec3ab36aacd32aa7b7d7bde4b292c0,female,33,italian
a1a5936d3b0f8a69fd62c91ed9990d3bd414c5e78c603e2837c65c9f46a93eb8,male,27,italian
e4c0ecd5d49b655e25c43516001eba5558fc53c9c61e528d6ce6c872b6cc2216,female,28,italian
faf6ce1ea46bca3ee95197b53c7137840d63e6caddc447aa6f5d5b0c4f3d3c03,male,27,italian
17b2d0b13f95cd3dfb742663c79038802d0a7f3de7502e145fd88aaef5504eb0,female,27,italian
721999672f03293d3189a9ebadd252599c24847cd00edffa3d84482d3046f405,female,21,italian
496ac691756603b8ef265e92b998edabbd228865785eb672f086a62bd44af041,male,22,italian
7da9f2113516c871e275194f8b2e7521f0c3fb77728ca939f7eed21cf22f3e9f,male,27,italian
39bf573469551ecb760d59bd0e38e18c2727456e62a732ce5510b7b248d4757e,male,22,italian
d1a71e05d4558db1686c57931d10c489a82bb2bb1b7632b77a0d83e176c19e30,female,23,italian
17ea78df118678aae60759562a0121a9581f79ebdfd3719f472b54f1f8783415,male,26,italian
689c0287e3d7508c0810fb608a5b1c4639894e1a385e9c204ab6deff849a7a1e,male,27,italian
11be60e93a75d48c2a914b7a6f903e9b9613582a79a017adbd7eea3096eb6001,male,21,italian
5d4dab6493ab8a0606100a6c025436ed0990524364c3d2636796915c34b1c60c,female,20,italian
f42c68310d9e63fa3483d5cc55becaa81ba7e2e02df5bdd9d5b36c3bcdd44d4c,male,22,italian
9dc9d979c0186446be6a72a9dbaaf21b14dcd5d7b6fc788a6c50877f07c85c03,female,32,italian
77f9508cc426d924c4dcbe19990c51c9e567f3fa9eb3c61ec7718e331a91486d,female,35,italian
bb251829a5044805b7f3c805ec87764f48153531a70bb5a2f121397d9b79c835,female,22,italian
c1a09749d74ead248cd7e4f0c6b1850a5b82b22b23551d24b46896d3840a9213,female,31,italian
a32a903221f92d7be16c3dcbfa65e1dd8e7bb2fa4418564c65d01f7956de92bc,female,22,italian
3833b7fc8dd7ca8c8bf1e5aa0bbec1abf4b54f180220a10479fa3e76034f4581,female,27,italian
5aacedf2053e29716fea902c5cd89fcd19b39397ccb98bac0658d670e0a2d530,male,42,italian
33859019a460eef35926d51b90e95adc6e3599dc19d4f588d91a53764127c63a,female,19,italian
e7be6c6f309a16f2315c92fe67d2620929e778f6a4c4dd5be1ff756550f6bd0b,female,32,italian
cddad8f3595a1c08af1cf4192f192b01dae6f40069a072f2515181e1fda80345,female,19,italian
5d5ee46cd60f6abbba696a6eae9d03b4819f5c9bb070b7196db47dafa2beb7d8,female,26,italian
0499129a051fa27af5a0b5556226bc180a7c45e0575c5628598c689e0b4162fd,male,39,italian
d1e092b1599bd17e7ebc5fce1992ef799bd63113e5ef44a1281684eb1150b847,male,22,italian
63ffeae9d08baa7e6c605ab0862f6fe438d89cd941dc297d7cb2de9f2292c825,female,25,italian
1ebac83d19f7e435f86fd8d17dea1818f0ed6706fa38a898cea20bbbd61430f7,female,25,italian
c9eed7e93171a8d8ae9bfdadf481686123f235e98660823da5ebebde229c68af,female,25,italian
4ed702856b8dcd525ded5c069f977163a5f22818def4df7e193ab050bb099036,male,24,italian
67988e3ee48f07596d89f4dc7277afe474db381e376b9bada5c8d076526fb78a,male,20,italian
1f90b3e337e5ed66f6494a81bcc36235aad995d38122a5e942d25428b6a1047c,male,27,italian
d9d3906ff4a722e0884907f35af7dcc002df76f156c9c58f2749167523af7b9d,male,34,italian
a1c2d05656b9041ce76a61d23aef096635931217a5cf8b8dd4249cc067ee3ac7,female,18,italian
4da71f648c16cc2fe5c157ddca535496556affbe4be744bfb59017af4c690b4a,male,24,italian
f58a4ad63b4acb8f014aab66430e411d7eef0b3e4a08a6ed22fc09124c66c99e,female,54,italian
da7add4edd8b11cb0489096a9118c94d48978c1bd9d2fc6f48dcc36660eac353,male,30,italian
a56362a10c816abf206d72cb914e2d5ca454eb9c7e744f88b1a1422c379e9942,female,25,italian
e60e21bf756c08cf052e5c3e608aed1568c0d774eeb7ba374783bddef9cdda75,female,26,italian
221a5afdcab04844f4949719b7ed455d3112364c0b295b941717df06a8a1f269,female,21,italian
72c8a04902c5f26605f6fc3c00c17bfa10cf4db94d00d6940b12cbc277cbdf8d,female,27,italian
f59a18eb05785c3ce3a60e68cbabce64bca1b19155a123cc49d2b057254bf875,female,28,italian
864282b76c39e6748fa8b9accb2953bc89a3ec4f6c5ca1627624d6a58edd5619,female,33,italian
583d0398ecdce7078272403049eef472665919112e11e4772446bcb4b98f8f32,female,31,italian
2f9b92e15f62a6ed83533ad2c11ebaaef28f118d7257ec4b11ef7d205f92cc2f,male,47,italian
42312c72c0980be62ab258083cf571dbf190526ce6256a3c6de378c1f51004b7,female,24,italian
cdd7024914e2b183796a2004cb97347c7698b014902a516878c82eca2f07b70e,female,26,italian
a83a6b740457bfb1e5daad8994c3f46913c670b338c8d5decd4388373a7fca7e,male,30,italian
578bd3cd0f0c2c4f7805b9557c264446a39c031f0c9d6a8d846c220ac114fa75,male,10,italian
77420c2a73a49b44a1cddb97d37c3ee2294128fbc98f04abb004b49b7ada2e3c,male,10,italian
1be075b9041a58b82be347b54e9f3d7f5d84dc57935bcc769106748a9eb237e8,male,18,italian
7c197f6dfa2518f79c6bbe16c8cb9888317073832a959476dc795f4a8617ade1,male,19,italian
837377a67e5420185d99303db78d983fa8b0096819132ca7f6bb3667b6c81838,female,24,italian
99a4a9b7487a6549e11c8886bac7fcfd0a7fe7bfd55c0849c75de4d28a08d208,male,24,italian
be22bfe7acb1ff514df389d91c16a5c2e97352802e69cd27436c0bbe0eccacd5,female,28,italian
b82144d0f2cedfdbbebd6aa53e2a3e8b9ab8ef0816862913c73bed85676b59e6,female,37,italian
210a7c3bbfcc3c73aab55d36692e414781496760a4631f6e87561f24a0957356,female,28,italian
c7ca8f2a6546995f9c457acb72357294d2c87f31d3fddade00b0152bbfbb8ac1,male,28,italian
5c2fade36fcd91477228895d5627510ce65848d46fd4906cd80b5a19d199dce0,male,35,italian
91f47dcbeb893784ca060885427aa58341ad945aa53364e528860a49ae066402,male,24,italian
947d668dd7693d8d9ef0cdc052ca3348d3ffdf365eb700ce30086cdda1d1ac61,male,23,italian
69cb53084d195adff1ed0907e3aac5043c289b8de520becf2dc6250419280cc4,male,20,italian
fa18234219daac925587ebb058ac20c5b2d08ec83ac1a702af3d104560aed44a,other,20,italian
6ce35a725308f461ca03784d2966471a78461a24ed25eb4037ce4491809a3cce,male,29,italian
dbb0aa4fd8a92582a0aa6eae9dc2065607462a3272f9841fbdfd42048f714f9d,male,28,italian
929001b03b8bcdc896b25650f84e56ba0dbf647809ebec269b2feb37e198651c,female,22,italian
abf733acc8d59032115cd143f7f7f1dcf6ad33051e05e3d534c81aa2a7b71bfb,male,26,italian
3528ba136a726dcecc1adacd86a84cc9c1b4a5e2ca274a95155ac3963c4f0625,female,23,italian
3fdf0331ae282625bdf1b6fa8f84a9d26db1b0b527b821590ceefa0ade6d2c3e,male,35,italian
df38cd1e378af1872455066f6c1a980bdcc8c88ab9f5d9df639c5c42e7c66c5e,male,21,italian
e0d9458fd45fa98a9777c6f59a46056971100bcd56bba429223ebb5466d48bf4,female,20,italian
a276551d336c604f58a0b5694d14550877c55379d1961644bc6942386c756a25,female,30,italian
c1bba8f1c5d47490131e4b742475669463136e41b1e4eb9106f8c04222e05d29,male,20,italian
cb2047896b92fe106e94b64c1b9c0d7d289d7149d5d62a10e129a0e3972dd3f8,male,21,italian
f20c8f89ad1d03dc4dd63ae4c7019bd3d86ac6a67876443de73ded52585b2562,male,23,italian
1dd80a9a7e4ebfacb6edcb514f7e677e42aab541a05569eb094b4808df305530,female,23,italian
9345a35a6fdf174dff7219282a3ae4879790dbb785c70f6fff91e32fafd66eab,male,23,italian
6300ef800bb884295b0b4b35682b75cecd7cc550d202db56d04a0643b8fb873f,male,29,italian
664e801b09419f98acbeb8bd1d7bb5a172082ee9cf1f247e8a5d0296c670b80b,male,26,italian
420e501faf345243f054f523dd97c560319a8a8d54f41d58fe7d2657be8f6901,male,36,italian
f9482030f43b208b4f7e07165bd64faebfb2dc49140d5013f31c0ad538063233,male,25,italian
64e2581ed5d27225a27b77933cfa8a64aa18f997f380400858775b7fe35f53b8,female,19,italian
e31ff4cde35ac3dfa208a53169d50bd0876aed17771d3ed7d4466bd65460eb49,female,49,italian
ca87d318166ae41dbd79a955b1cd58d5310d736d9c26871ec3c134175e8ccd8d,female,26,italian
b54a1af8b666f61c2dd5ae8f8a543133409fd28c3b78064c5db993bf2c8e77bc,female,24,italian
d920fb2712dc29b32b5091c28cbb82e2406c61b4eed64b9762fd79bb4a0473ef,female,25,italian
114f90897494fcdc23e545037e8d44a3a610ae3a7da00df282b1e96188571fe8,female,25,italian
212a1c0dff2bb0db3c90184e8432db09e8d2d43aa9a22d170fe0f23ab3f0dcde,female,23,italian
9f3db7ee46466c3644ded39862083ffe357c977d5e298037bba4054f6baeafb7,male,31,italian
b2b5a9b470decc072e5d6095a8f770c9a36ae8e1f3f73a210f9ffdf5a29d1111,female,1,italian
05a3f80f24bff71164f2c344a194c0119b994ca326a665179bd8ed67347873d6,male,19,italian
2ca74c87d6c7cf47e6f0205f43f302d595f3a106231d6fb6aadbd7f672296419,female,23,italian
66c17aee1868902854af89878d9544f26e48e808a204a1078d2b153d875bddf5,male,31,italian
b4eb71306c2267a12979550569be28017dff1b00e790ac016129b80c3d660214,male,29,italian
643fc16bfccd2b66e4c3411f7f7bcb8d497f7c6dcf95a848460e7e8bfbf29ee7,female,21,italian
481f2e11e545867fd7397caa111a14f5d0672489b244bac4b82858476793dd1e,male,28,italian
617e865b0a149f5dca79180460a7e50f0150799d7dcbe0fca8a9e9cfdf955f16,female,26,italian
ca287dab6ff29d02098b0d53293bb3715d32228c56f10b8cd79a1f91d6e6e1d8,male,25,italian
b3817594c024ef54349357bf30d8545161c286300916f0d0574e23f1d7b760f9,female,34,italian
864987f7b091fe7b9a1f4804246348115e7fe63b03de433657b6d9ceb201d8fb,female,33,italian
bc9af93c78a12485ee5c7e1bf8fdecc9424319ded8a2efdfb601b54cc5fe0a5f,female,34,italian
02dba94e00646df6c23078e484d67a5a37da4574ef4378f8997dd8cb96162834,male,23,italian
96a9f19f7daa534542ff9eee5c16ac21b5dba07e49808705a09e306e1055d39a,female,21,italian
9566111cdb0f4c71d91bf6a178b29b065c8a3b7663c8434073431c11fc4d8a69,female,33,italian
8c539c3e949afb3164b578824b14736db5b62e7cdf5b6bb21736b62d9edc3992,female,27,italian
9bcbdfa04fb53ac0e8baa9938cbfaa27e716db65a0d8bbd68cab18a26050117d,male,24,italian
5ace905a68bfc1cc613457ee424770a861d74ab47d9fa44a0504800a9f350db8,male,49,italian
e53657178cb6855ac4b2029197a64b0ce6af712b69433254ae18be74d224f991,male,33,italian
b6e0669ca12b5fd46e4bda65fe33330293a3f4fd78859d52620eb8e21797de06,female,18,italian
55c3e8d6bdabffd36774b4e7539bee91b3ee406f46005e55d38a11d6d60618ad,male,21,italian
5dc14a5278f221413a3b37e13f192f94e97b1ea95a83699147840d136f11ff24,female,27,italian
eda79a50e579377f55c1e8b5222a65d370070d888e8686557eca6e4d7874e7e3,female,26,italian
1c560b85cda168bc1f41d516a293e4faebaeabb16baca48a4cb3238f88bf7593,male,22,italian
3ebe95bc23aea71fa066b78f6b1e50dbeaaf58edfa921125101d672e8ca178ec,male,41,italian
2afdc619b5413b7045b74ad1fa0e027e41b7191b0923bd75c0b5fac7475ad2ac,male,25,italian
5939f423d20a13127b382243cdd2502fccab064c43d50dcb5e5b26830ac50518,male,1,italian
fe70d86d5b63d98b3e7ebd8787598273978001174d70f89c270c038ac3b9140c,female,27,italian
f5ccf0b5e0d742769820145e2a631dd46335c1b419860a208197e73c9b1205a3,female,26,italian
0abf2e603147c85ee32fc5796f7cda0765486db70eed2a1075680bf8be884f12,female,34,italian
af37d1fe47d4c216b7c0f427b0be59eb59eaeafb86835dc066f2c55864ee605f,male,21,italian
57a6bf5772a894aa0a9f32175fad14bacc65555731dfa3ff7166ffd9b6703837,female,26,italian
8a2539e2b69d9daf9d58dd63ee74ddfc4ef984015881f541b940755c92d0747f,male,20,italian
ff4531c0ff701c2d0d919eab503e24d86b2895c907303ade4fbaf404fa51f912,female,20,italian
3b131e8ace0ad9704523e5f1f39a4e8a6d156964c6bc6a4ff7682a3cc3136981,female,27,italian
29a040414abb26dc4fa55255015d8243dc31b10ccdbb178e454c1e36a597ef0d,male,22,italian
8ac798829cb1a9b770e67b9b0bddc0dee9e26f5fbae378648ae835f5b5e9677a,male,22,italian
1a1f4f7350278c7ac97e1a56b70615df8d6c30137d087dadcd8d17a47762551b,female,25,italian
dab5bef377257560673ee2dea5e7a7144762e613955b2195fa95b0ff3d4d1d07,female,24,italian
201294687adac1a159241439c3f8179de79daf7c555b2ff88fa3fa3f93acfa81,male,25,italian
c4cce99958f308cfe51551e21476c906c5ab96203dd391583b7021e820625c91,female,24,italian
79981b55db9e7cb283b3805d774b0a55d932aa072742b59051196630d45bb2f0,female,23,italian
c01181fd6091415970b76b45447b1a88cf70615e489bb74a772d03dc25f70d61,male,22,italian
a903ef9be706de48fc22fd3de5ee8039f33575414ccac3492802b58dc35c091c,female,21,italian
78ce6d1ea9045c8c209ce469d3ac72cb340d4c97700effbef1d772e43d51036b,male,21,italian
e83ba096be1f9f1cdb80bef27d56e414b2c003236b5c01735ab81625c4083d39,male,22,italian
f1389d8eb817eab2dde0ee524e323988a3b0b79565f2fa9da6fe2854f12a0982,female,21,italian
3132c1f8076608608807cf684b3e3bd1247cbfa46672c85918bbc0f5479066a7,female,26,italian
87dae120c24fe4ede833df5063038a3149ba89ff85edc2521ea8922b9b8da8e3,female,20,italian
725cfe8d8baf7d7eeed7bfe1cf004fb87f4b15638f9aa0e7f7889b7cd0e464d4,male,27,italian
0e42317a84ce879b55f7523a8297d4fe2acf1f6657c6e7574d8254736f15eca6,male,19,italian
395fed79324d13620630ff0c8632c420d3a96d62ce719ef03079fce40590c802,female,35,italian
9541edca7002fe982189eb0f059ac7558f45636d80b2923347379d9c02ce4d7f,female,42,italian
634644a9e46cca84f8bf5ffa667570da79dc01cba9d72bb470f9a625b1d4e434,male,27,italian
563c918cfa56303d4346fa9fe59f5a825f1fe1c67d959f18e8776d41bfcbc713,female,19,italian
527df178656bc694b341866a23c092b554b0f1fd95e2755f48967b7c4d2f5ef7,male,19,italian
e425df4886ff6a01c6bd2d139e9f441e76874f2fa6e2ed6d806dc1c622f2fb10,male,23,italian
0da14b0893184d48c2ad69e9fa5bf0ab6a3ef7a2fac3ec0e61fbb3d463c82618,male,25,italian
ebecac3dbb3428c344df1b9e9656e0648db6b480513e8c763a69b5f0675465d3,female,23,italian
df4d7f484b7e5e9c110daf0ad0e62ffad5f9f7efe041b2c2078e2a1e00d3ab2a,male,18,italian
85bb5728ef569a6e4e86e94b591b627d1304420dfaddc3d27b114441b21fbbbf,male,23,italian
ec7d56a01607001e6401366417c5e2eb00ffa0df17ca1a9a831e0b32c8f11bf7,male,45,italian
36a2f496565ed5b4e3f34377f8e1dada5711cec3e2633115e8eae2b10673859b,male,46,italian
9f8e07f1a0d4b8041c4b0fd3d72a5f715d47900642033dfff026de244ba56b11,male,18,italian
ef83bc15732d9a83526774846f40b55a4a5c9451cac392fe4e0b3e51c843d8a6,male,22,italian
071ad389ee3249379958d71c0a9e644aa4983841b22e397e52476d85b5433d49,female,25,italian
9daf9174139f1f6fc02d4bc54949b89485f69fb959f6f8fe13425e83f70a25d8,male,24,italian
7a1bf8e53d0fdda65036ed1c8e14310b439e11875ca5b06f8e7bf4c9c203c59a,female,23,italian
964e4466b4b56f25bae5f24dcee4328619424fed1b94fe9fa427ebb18d8a31bf,male,25,italian
f257a06defe797c78bab1eab82d0d1e7e8a45341235c4d161f08abc69b5cb4c4,male,20,italian
9f5be18c11513c80cce900cd5429550b15171af5e1bc8ffa01e5f08600543f6d,male,21,italian
d42c4b51ecaf015f7a60db7c593d74510bc2c2076ed60c63c90dbccbaf2e2019,male,24,italian
fb92c7e381b71ceda36d7e3d0f1064386452c4d6b2300ec9818652830f23f17c,male,24,italian
dcad1bd30dfbae06f514a34b20b4b24ee7092014c11426f1557a7979bd4d128e,female,28,italian
3f84cb9fb9c6880990e9075c0255693243166e665c8493e4f602796921b92e57,male,31,italian
43e07911caf6f3de5077fd2aa1c3bd004c3d410fb23b27a406fed3d255f76b2b,male,21,italian
bd20494d744d330a28648faf7a630d0dfed8ad41420594de6a9a4974b3960e5f,female,44,italian
cb6c5c4c8eff2aa54ebe69481203ea8dea551504a47ed669e156c7c031bd167a,female,41,italian
8146dd4391e63f36ce9393a4fb522d59bce1acfcc69c8449df00410ddfc693b7,female,27,italian
2b88fdaf18d3085cc078fcc693242350a9025d13cf5ab52fefae7c65c515adf8,male,23,italian
7a4a21866a2aeaa5c17e7784c85919f8f394fb91b9c4c3483594ca8a7ed75363,male,26,italian
d395386cfd0644db179bc2f9dfdcabb897ccb95a7e7a2c93e74d1198063ddfd6,female,20,italian
dd675eac478f45bc6dc0e92417072726cc8b420b7b091d40bfb17104ecec6db1,female,22,italian
47484ecbdcabbbef62dcf6d5b540750c912c6d643501f2554f733f8fe3cba74f,male,52,italian
755a1c40e16983d3a15dc2520ac7a0b278af3ebf38c22c492083fedd9fcc7a3f,female,19,italian
e8b9bf910f1530a996eb0e608275e86ea0f8343fc1b6077583e8a9c182939ec5,female,18,italian
073f4407e1c072ce2f793b3994691ddef81b1f31090225bf71aa144a76df99ba,male,36,italian
730d7730905b01b930ede7d0aaeef6649985bf1c696a5619241989313c320fa8,male,20,italian
72934d3170320ab925324a3362293c6e1b662a0dde5c2a0cbef6163457c52cb0,female,24,italian
e8702ecd939e3ace89e85e0df11878c76de38bc8c4ed42f1d842abb05e9b511a,female,24,italian
0964b30360ab4208782208123d9b972ea311d3e1c2caec99b9cd1be494c20d17,female,22,italian
b221aaddb68afa0c6af54ec9cf604646b3fa65b2c11f519ad4c92c888217229c,female,23,italian
0e9f85b4325fa5bad67cae0bd60277388632d3cb1b254270c023c8e9c705ada2,male,23,italian
069eaa73dc5935c79d00dc710de06169e20fda2eb302c673c03cda2f4ff0c515,female,52,italian
ef4806365759228cbb8ad6b367c43c96d91112db17c160bdbc94bfc93f8f8339,male,20,italian
b303f83b7fbae7040ecf6d06f727fdc3dfdac8dac74c0e4b43cdd5af46958b22,female,22,italian
ee930b433f8db3cf60d38883a62f232bf4dd1e15264f3a0cb7377c9cd3d04c2e,male,30,italian
95773903ba7cb0e653fc778e3bcb3e270fa452577db4e5638449c5993918ba91,female,24,italian
07275d2e2f14640df814faadac78223cb2b0add4e382e769f57be05bbc54eeeb,female,31,italian
2e7d2c03a9507ae265ecf5b5356885a53393a2029d241394997265a1a25aefc6,female,24,italian
